objid,u,g,r,i,z,ra,dec
1237657190906265729,19.644669,18.754942,18.435432,18.147774,18.133595,2.33899169,-0.14125159
1237663783661535442,19.704124,18.307823,17.795338,17.488132,17.289001,2.34967519,-0.40003004
1237652947452952698,19.327667,17.53224,16.642637,16.231489,15.915926,2.35221205,-10.09399097
1237657189832523967,20.325781,18.774132,17.830229,17.24284,16.846958,2.36426256,-0.91197187
1237652946916082051,21.592339,21.095518,19.282438,18.635124,18.151045,2.38843263,-10.47639727
1237657189832523909,20.207605,19.167179,18.708998,18.420767,18.316072,2.39153533,-0.9240585
1237663783124730014,23.648542,20.519356,18.666502,18.033548,17.687525,2.40234956,-0.81835291
1237652943176335834,22.143173,20.614439,18.811262,18.114161,17.717909,2.4035508,14.87871583
1237652947989823851,21.338255,19.792286,17.8501,17.267454,16.837029,2.40908489,-9.70716569
1237672793961398807,22.455883,21.745152,20.617668,19.607134,19.26552,2.417753,-9.27123446
1237663275781324899,18.302374,17.393957,17.075037,16.872007,16.761263,2.41818712,-1.25022674
1237663278465679475,20.399971,19.46825,19.089165,18.840618,18.688082,2.42946828,0.99082096
1237663278465679478,19.864071,18.078611,17.17555,16.760319,16.425287,2.43015971,0.98674037
1237652947452953021,22.707525,22.078228,20.644773,19.867731,19.596176,2.43743597,-10.13491777
1237663277928808650,20.610897,19.561825,18.857599,18.485401,18.215492,2.43770657,0.58299326
1237652946379210890,19.204233,17.582253,16.407591,15.93496,15.606658,2.44624198,-10.96947185
1237672793961529564,26.339888,20.874016,19.048582,18.304941,17.827522,2.45004231,-9.61023919
1237652947989823978,22.77422,21.108541,19.453449,18.857237,18.498007,2.45195478,-9.72993682
1237652942102593699,20.269434,18.776075,17.920086,17.428968,17.124397,2.4520437,13.96994535
1237652946379210853,19.564453,18.83095,18.444195,18.232063,18.233448,2.45330776,-11.03518988
1237652942639464961,25.307743,20.746222,18.814297,18.086607,17.644205,2.47503199,14.35746026
1237656496188490106,24.89135,21.508801,19.634247,18.845102,18.350887,2.47933543,15.54433034
1237663784198471706,20.501181,19.689451,19.036421,18.690241,18.525555,2.48550117,0.1589911
1237663784198471854,19.804882,17.693054,16.632278,16.182455,15.802747,2.48625225,0.16619827
1237652946379276488,19.210667,18.110584,17.424738,17.038052,16.789057,2.49737781,-10.89763225
1237652942102593784,22.921923,20.108841,18.326561,17.706404,17.264534,2.50334353,13.97607308
1237657192516944015,24.573181,21.598598,19.609522,18.66938,18.248837,2.50375581,1.15587355
1237663783124729982,17.845133,16.874603,16.536705,16.298338,16.139977,2.50945542,-0.63494534
1237652948526760320,22.89926,21.213503,19.271816,18.367344,18.000093,2.52059805,-9.15724346
1237652948526760191,21.474607,19.0229,17.726915,17.216286,16.965996,2.52429222,-9.29798694
1237663783661600967,22.053885,19.678102,18.055979,17.494326,17.041647,2.52430443,-0.24425025
1237657190369460234,20.898149,19.148161,18.180285,17.725697,17.588696,2.5260014,-0.43849297
1237663783124730007,19.853041,19.375942,18.917038,18.673189,18.413288,2.54155058,-0.7677091
1237663783661666393,19.058638,17.851057,17.137419,16.726807,16.463821,2.54556902,-0.2416742
1237652944250143268,22.23155,21.061682,19.102455,18.412294,17.994572,2.5547701,15.6566721
1237663784198537673,25.525198,22.319599,20.578623,19.686079,19.067892,2.56692174,0.13958036
1237663783124795459,17.866505,16.006956,15.093956,14.650375,14.295487,2.56694726,-0.73055855
1237663783661666419,20.002867,19.156921,18.563707,18.210375,18.076624,2.56928459,-0.38485675
1237672793961529889,22.162413,22.041021,20.010275,19.274426,18.820414,2.57555635,-9.54377215
1237652900212375857,22.241262,21.046824,19.381723,18.591681,18.186352,2.57691824,-10.41052896
1237663278465745097,20.399097,19.446726,18.908129,18.552431,18.418253,2.58057257,0.94301108
1237657191980073221,26.029425,20.882008,19.220087,18.507946,18.182184,2.58088124,0.71302403
1237672793961529944,21.643871,21.239319,19.346369,18.472321,17.909821,2.59118468,-9.55981447
1237656494041006204,19.257599,17.82089,17.236086,16.857224,16.640589,2.59515213,13.75961296
1237663278465744990,19.949869,18.106283,17.256401,16.775925,16.436241,2.60219636,0.92254083
1237663278465744996,19.79792,17.840433,16.96282,16.547508,16.256689,2.6057595,0.96139926
1237663543697146331,26.967016,20.880089,19.063278,18.400774,17.827291,2.61183093,0.29145283
1237657192516944570,22.565359,20.789988,19.093147,18.387503,17.970268,2.61253554,1.15286716
1237663783661666456,18.81835,17.46866,16.96723,16.724817,16.656294,2.62119932,-0.31947331
1237663543697146362,26.466818,20.542843,18.752422,18.136776,17.707291,2.62160298,0.37711453
1237652900212375660,20.223907,19.308466,18.853022,18.492357,18.426033,2.62340005,-10.27175941
1237663543697146374,25.918831,21.091333,19.38336,18.63961,18.161291,2.62684563,0.35521855
1237652943176466441,23.298698,20.695333,18.81531,18.136904,17.742113,2.65695613,14.92107741
1237672794498138318,22.515129,20.487963,18.607576,17.972286,17.616423,2.66315425,-8.73473733
1237656495651684572,19.483459,17.68223,16.785328,16.261002,15.809555,2.66902554,15.07162921
1237656494577942725,22.296204,20.091463,18.442993,17.79269,17.381952,2.67545216,14.20828784
1237652943176466848,22.595066,21.13238,19.222704,18.521568,18.092583,2.68138146,14.86236004
1237652943176466863,23.165895,21.217266,19.370287,18.589087,18.04105,2.68407507,14.93818828
1237652947989954709,24.247755,20.620991,18.756708,18.106752,17.764402,2.69073926,-9.60949646
1237652942639595962,23.073645,21.544106,19.66226,18.723749,18.165939,2.69149556,14.51773277
1237656495651684596,25.105125,20.628126,18.869619,18.203274,17.814192,2.70123904,15.1869642
1237652947989954906,22.50931,20.318188,18.655161,18.026859,17.520981,2.70689971,-9.60352236
1237663275781456027,19.611374,18.376112,17.526672,17.011229,16.861792,2.70980512,-1.04931011
1237656494577942729,23.097481,20.079466,18.437929,17.812252,17.361044,2.71300097,14.28213533
1237652943176466700,22.8391,20.229456,18.431843,17.783522,17.319273,2.71395184,14.88141998
1237652944250208779,23.55707,21.521885,19.543764,18.843992,18.526836,2.72132502,15.72784935
1237652943713337893,22.748835,20.989771,19.084333,18.413111,18.019417,2.72683385,15.38426247
1237663543697211486,19.258053,18.797396,18.067091,17.650127,17.350246,2.72855096,0.24759629
1237652943176466470,25.360329,21.483276,19.652275,18.804146,18.295822,2.76012554,14.84693665
1237663783661731967,19.772715,18.734436,18.096571,17.707621,17.534491,2.76550542,-0.39236955
1237672793425379506,20.321831,19.362766,18.663652,18.306438,18.091055,2.77384142,-11.17319839
1237656495651685116,25.588942,21.000689,19.076128,18.429802,18.030212,2.78159276,15.08009284
1237663277929005138,19.395378,18.512547,18.102839,17.831446,17.686983,2.78234215,0.59773245
1237656494577942834,21.223457,19.028654,18.824015,18.688614,18.625111,2.78567294,14.23964712
1237663275781521805,22.426008,20.987711,19.129375,18.268787,17.784117,2.78950457,-1.1292135
1237656496725492075,22.905474,21.570667,19.598656,18.865578,18.580839,2.79471581,15.9935079
1237652943713338071,23.560654,20.752512,18.958721,18.318226,17.901697,2.79575608,15.31220059
1237652946379342110,20.534842,19.525908,18.582735,18.140432,17.880564,2.79597153,-10.85134441
1237652946916278565,21.400085,19.711729,18.109447,17.442495,17.003721,2.81309299,-10.53640499
1237663277929005165,19.143826,18.173073,17.696424,17.352659,17.156225,2.81393175,0.45446051
1237652946379407680,22.424858,20.748056,18.967676,18.309233,18.084423,2.81416042,-10.94987401
1237652900749312097,19.769842,17.587645,16.707996,16.357151,16.170681,2.81699893,-9.93096376
1237663277929005169,19.184765,18.006348,17.498482,17.204195,17.066679,2.81949885,0.4897162
1237652629099774125,22.001307,19.312325,17.875095,17.312304,16.939251,2.82615562,-10.77241964
1237663275781521550,18.646097,16.69973,15.753963,15.287487,14.933083,2.8301922,-1.21624782
1237652629099774132,22.099798,20.009043,18.319519,17.706924,17.316364,2.84044747,-10.63027986
1237652946916278632,25.354872,20.821827,19.034235,18.412319,18.048944,2.8437612,-10.52328012
1237652900212441216,21.711037,20.017725,18.259369,17.650057,17.22913,2.85579405,-10.34029761
1237663784198668509,19.526356,18.669558,18.109985,17.757921,17.66564,2.86065507,0.06756583
1237663784198668593,22.724016,20.431448,18.639961,17.983767,17.637579,2.87085377,0.20277795
1237672793425379454,19.515667,17.518015,16.610209,16.19581,15.856806,2.87184898,-11.18974538
1237652947990020302,21.08482,19.424936,17.831537,17.246849,16.930794,2.87852996,-9.78204638
1237663543697276948,22.636448,20.971983,19.221613,18.254002,17.880478,2.88058133,0.2560121
1237652900212506790,22.458109,20.144638,18.385647,17.75559,17.313419,2.88163817,-10.36873432
1237652900212506793,22.64183,20.163891,18.429737,17.826609,17.420631,2.8845167,-10.22754131
1237652947990020311,21.080122,19.781689,18.245752,17.549297,17.156668,2.8981702,-9.7372021
1237657192517075134,21.351442,19.459803,18.206749,17.734406,17.368132,2.89938111,1.0606293
1237657190369591508,21.171488,19.475403,18.303654,17.209938,16.529268,2.91431263,-0.47283422
1237657190369591507,17.407618,15.896651,15.14885,14.779427,14.49989,2.91657402,-0.47393882
1237652942639661648,24.551083,21.086617,19.471163,18.505587,18.130774,2.93413365,14.50155798
1237652947453149401,21.788555,19.6168,18.099745,17.503963,17.084723,2.93461308,-10.05802983
1237652943176532204,19.569624,18.21236,17.682604,17.353275,17.095901,2.94134619,14.80472654
1237652946916278469,24.358494,20.133778,18.552317,17.905045,17.515846,2.94561443,-10.44141983
1237652629099839670,22.080282,20.006506,18.270071,17.647554,17.37364,2.95185133,-10.70483614
1237652947990085892,23.861752,20.725222,19.000271,18.29916,17.84337,2.96896996,-9.78468981
1237657190906527899,18.852842,16.536379,15.232391,14.396951,14.007351,2.97265351,-0.15279106
1237663277929070757,19.679741,18.756599,18.152914,17.727882,17.599554,2.97482164,0.53231198
1237652946379473201,23.714216,20.404268,18.707815,18.016161,17.696484,2.97762887,-10.99573709
1237652943713468595,26.496035,20.287189,18.388472,17.742645,17.287558,2.98252718,15.34947593
1237663275781587109,23.53256,20.345053,18.551603,17.902641,17.502779,3.00156117,-1.10064795
1237657191980269744,19.168434,17.326286,16.382511,15.945777,15.595528,3.01102666,0.68939992
1237673016761516204,25.262627,20.172981,18.455149,17.85833,17.446791,3.01105038,-11.20182662
1237663543697342613,19.830433,18.293497,17.474775,16.97328,16.591766,3.02063224,0.30621236
1237663784198733979,19.706627,18.729431,18.043285,17.623487,17.469995,3.02981055,0.09361781
1237672795035074808,22.209433,20.306532,18.653814,18.015867,17.578472,3.05874932,-8.83937467
1237663278465941673,19.917149,17.908419,16.857794,16.291538,15.849573,3.05898704,1.045087
1237652943713468555,19.84763,17.881336,16.792301,16.307503,15.910914,3.0618296,15.2017791
1237657191980270309,24.01021,20.98708,19.207598,18.460102,18.0191,3.06514757,0.63492585
1237672795035140314,21.257322,19.72883,17.971249,17.351063,16.981874,3.06676098,-8.87910383
1237652942102856212,22.82019,20.893261,18.999123,18.342648,17.859512,3.07154437,14.01912805
1237663783661863163,19.719656,18.186317,17.492046,17.14115,16.851685,3.08439782,-0.39977012
1237663277929136364,20.190393,19.345398,18.522827,18.136675,17.819256,3.08762674,0.61783555
1237672795035075059,22.88829,21.042213,19.764347,19.402149,19.166725,3.09304999,-8.7454168
1237663783661863791,24.917576,21.098745,19.232113,18.546881,18.100681,3.12078806,-0.2223575
1237652943176663320,21.381361,19.608082,18.028971,17.446671,17.026289,3.1272598,14.95170596
1237652947453280399,22.350662,20.251207,18.589775,18.022041,17.599913,3.1288233,-10.1482463
1237663784198734027,18.905968,17.505196,16.851139,16.443611,16.177364,3.13384193,0.12710122
1237663784198734090,22.078663,19.618763,18.106682,17.455769,17.010132,3.1345966,0.03603796
1237673016761516543,22.502598,21.135229,19.819965,19.272612,19.098612,3.13928063,-11.12050578
1237652946916409524,22.241488,20.203257,18.402971,17.792665,17.431286,3.14990846,-10.41861713
1237672795035140363,23.652082,20.89393,19.020575,18.349077,17.908054,3.15209378,-8.95547349
1237657191443464326,19.703669,18.420479,17.669847,17.330202,17.15177,3.15260882,0.26180185
1237663784198799821,24.308384,21.339268,19.480537,18.694912,18.337208,3.15513242,0.13034538
1237652942639792408,20.358128,18.279192,17.249554,16.797104,16.428188,3.16009689,14.55460963
1237652900749443255,21.707718,19.871084,18.155893,17.514271,17.12187,3.16192007,-9.92782336
1237652944250405341,23.038857,21.683414,19.547384,18.727846,18.189999,3.16207109,15.62920295
1237656495651881135,18.350372,16.64131,15.927761,15.582705,15.285122,3.16929952,15.12435037
1237652944787275860,20.082123,19.455311,18.880875,18.578278,18.454487,3.17208337,16.22597553
1237663783125057698,22.347797,20.441277,18.60298,17.955576,17.498058,3.18189884,-0.70761467
1237656495115010365,20.602041,18.923201,17.987902,17.540567,17.204962,3.18511537,14.71488653
1237657191980335311,19.958887,18.000153,16.87612,16.408192,16.081205,3.19759389,0.76005847
1237657191980335318,19.667446,17.525978,16.370394,15.88531,15.545943,3.1982439,0.78772866
1237652942639792774,19.54579,17.864573,17.513546,17.047037,18.19882,3.20121522,14.5251865
1237663278466007690,25.020176,20.589521,18.816181,18.200548,17.818274,3.20454529,0.88939009
1237663783661928931,22.459423,21.194038,19.454884,18.583939,18.248198,3.20473994,-0.39265369
1237657191443464495,22.018747,19.255161,18.011778,17.52552,17.27976,3.21210297,0.28918134
1237657191443464568,22.612268,20.509174,18.70261,17.962469,17.604757,3.21941214,0.33340082
1237663277929201770,19.52985,18.47698,17.966324,17.651794,17.50786,3.21998361,0.5121106
1237663275781718069,19.337172,18.095741,17.336924,16.918331,16.705908,3.22735024,-1.25482143
1237663275781718128,20.547783,19.375713,18.523365,18.118996,17.86878,3.2278086,-1.21355769
1237663783661928567,19.405807,18.578264,18.161888,17.815752,17.651974,3.23421501,-0.34742521
1237672793962315833,19.253822,17.824419,17.515705,17.274874,17.184231,3.23830363,-11.12858757
1237652901286379874,21.965593,20.746328,18.907585,18.269173,17.973686,3.23881236,-9.55595473
1237672795035205922,25.361389,21.972996,20.244926,19.558035,19.208704,3.23935581,-8.97417749
1237656496725622910,19.800001,18.486647,17.678627,17.237106,16.891348,3.2439779,15.9034911
1237652943176663245,24.92408,23.052288,21.637566,20.38871,19.796379,3.24886586,14.9869543
1237672795035205893,22.212154,20.605545,18.938042,18.285458,17.924192,3.2502836,-8.95285812
1237672795035206234,22.564096,21.164864,19.362867,18.625599,18.209564,3.25218212,-8.99746489
1237657191443529802,19.309608,18.205914,17.658772,17.249529,17.135969,3.25335513,0.27235067
1237657191443529806,20.089865,18.574587,17.747839,17.336327,17.051523,3.25516153,0.34919693
1237652942639792321,25.168533,22.387709,22.006943,22.398106,22.398848,3.25555749,14.41125996
1237657191980400812,19.798523,18.375351,17.683802,17.279457,16.996632,3.27229426,0.8099962
1237672842284171440,22.571714,20.062206,18.338013,17.731319,17.393803,3.27710886,-8.8856413
1237657192517271761,20.739218,18.68812,17.603855,17.111462,16.793047,3.28665303,1.10416948
1237663278466072826,21.023226,19.739304,18.876184,18.422485,18.175711,3.29652138,0.90702109
1237672793962316109,22.56732,20.98308,19.273911,18.129286,17.730576,3.30680959,-11.08622605
1237652947990217123,23.376942,21.175503,19.419785,18.64653,18.157173,3.30873618,-9.66687496
1237652629100036228,24.832127,20.205059,18.482975,17.880322,17.486502,3.31372538,-10.79925756
1237657190369788032,19.304962,18.243038,17.902243,17.636143,17.538252,3.3198912,-0.52285223
1237653650762629447,19.312803,18.243263,17.903307,17.626675,17.495028,3.3335403,14.13337576
1237653651299500200,19.72221,17.992426,17.174925,16.667908,16.355608,3.33847812,14.51476128
1237663278466072795,20.012218,17.981857,16.943928,16.506483,16.143051,3.35490677,0.91534578
1237667172390731889,19.501593,18.768385,18.746201,18.508766,18.396898,3.36445889,-0.31555352
1237657190906659105,19.312113,18.177908,17.586687,17.305302,17.090725,3.36627076,-0.12767741
1237667172390731897,19.698362,18.33573,17.6378,17.208605,16.943933,3.36702448,-0.32980202
1237652629100036708,24.045431,23.587013,21.249006,19.931637,19.30481,3.36978395,-10.67474833
1237652900749574202,20.275093,19.585381,18.95784,18.622133,18.403641,3.3775756,-9.8299564
1237657191980400886,18.707262,16.711151,15.741152,15.22722,14.850681,3.37761152,0.67846863
1237652947453346567,21.894064,22.697819,20.601461,19.387077,18.535173,3.38120965,-10.15489868
1237652947453345927,23.157373,20.142012,18.549662,17.925272,17.58849,3.38206262,-10.00474837
1237656495115075846,19.457067,18.268847,17.598167,17.161692,16.892353,3.38251984,14.78031578
1237652946379604157,22.076078,19.850407,18.059845,17.458418,17.118149,3.38431632,-10.98766108
1237657190906724529,20.123785,18.432364,17.554804,17.187708,16.865843,3.39661338,-0.16374133
1237652947990217333,22.445681,20.515959,18.702692,18.053259,17.608814,3.39740781,-9.6402234
1237667172390731956,20.708794,19.645649,18.58124,18.075991,17.679478,3.40733588,-0.38538529
1237657192517337150,19.316151,17.698689,16.865164,16.423313,16.106108,3.41620242,1.09701924
1237653651836436824,25.855721,21.225462,19.409155,18.466398,18.116594,3.42345348,14.83070841
1237652946916540638,25.81806,21.02421,19.098431,18.452883,18.120924,3.42954894,-10.53294537
1237652946916540753,26.358816,21.6434,19.769768,18.940142,18.511852,3.43419738,-10.47805394
1237672842284171473,21.357231,19.679628,18.001419,17.365522,16.976288,3.44205042,-8.87179483
1237657191980466414,19.290213,17.165112,15.9692,15.385459,14.965281,3.44718177,0.7671756
1237657190369853550,20.144691,18.300594,17.324198,16.931084,16.550766,3.46127682,-0.42418376
1237667172390797425,20.010738,18.420012,17.38698,16.871265,16.420607,3.4613255,-0.32018383
1237652946379669655,19.419996,18.350008,17.734837,17.375988,17.097073,3.469539,-10.86533596
1237653651836436608,21.769754,19.176317,17.724888,16.576408,15.917285,3.47405777,14.84701108
1237663278466138411,19.459652,19.064898,19.146961,18.60895,18.847115,3.47829414,0.90758884
1237656494041399844,23.256487,21.339678,19.595074,18.708254,18.143322,3.48059394,13.87580311
1237653651836436620,19.099876,17.199171,16.256004,15.808978,15.456017,3.49298921,14.95498921
1237652948527153334,23.506706,20.647387,18.860832,18.225962,17.796137,3.49510375,-9.3504689
1237672795035599175,22.202496,21.646605,19.857254,18.879486,18.515255,3.50107615,-9.81673845
1237667172390797863,24.241491,20.917442,19.244055,18.558435,18.047661,3.50221155,-0.32647586
1237653651299565781,23.402561,20.905935,19.070765,18.79426,17.891649,3.50650025,14.39521293
1237663277392396538,20.254538,18.761539,17.986753,17.517921,17.235518,3.51088486,0.01062679
1237657191980466447,21.73514,19.898148,18.512468,17.98909,17.643549,3.51107199,0.81178309
1237663277392462172,21.39068,21.213303,20.49025,20.472567,19.799608,3.51929276,4.16789447E-3
1237657192517337212,18.673941,17.5912,17.184162,16.917271,16.772717,3.52212709,1.2330852
1237653650762694853,20.663223,18.612473,17.546623,17.115564,16.712431,3.52821544,14.12607985
1237663782588317864,17.924097,16.397099,15.600528,15.169048,14.831675,3.53272291,-1.2099932
1237657191980466553,19.041876,17.986288,17.532202,17.154375,16.97867,3.54060058,0.83337658
1237653651836436671,19.132124,17.648523,16.826315,16.365753,16.044052,3.54817773,14.9196503
1237652946916540567,20.685371,18.749289,17.773363,17.312826,16.948227,3.55017305,-10.44786738
1237652948527153711,23.05925,20.246752,18.37195,17.632185,17.252567,3.55078241,-9.27056568
1237657190906789975,17.972574,16.635828,15.743532,15.319435,14.998338,3.55774518,-0.02828552
1237657192517402822,24.627161,20.659863,18.715136,18.092602,17.728453,3.56480215,1.12646008
1237653651836502100,20.647114,18.633411,17.489191,17.013756,16.648653,3.57681711,14.84555682
1237652629100101816,24.535423,20.746479,18.892445,18.165543,17.696592,3.57889541,-10.6755293
1237657191443660924,21.634092,19.081007,17.687063,17.154593,16.767941,3.58962632,0.28866103
1237653652910244091,24.453259,20.046146,18.221624,17.539705,17.091734,3.59558685,15.74888641
1237653651299631307,21.244829,19.428425,17.937803,17.363329,16.987761,3.60402638,14.44682662
1237663277929332851,19.020124,17.967985,17.504776,17.179411,17.017193,3.60430616,0.44613311
1237653651836502244,21.885401,20.333061,18.603806,17.953465,17.565266,3.60813558,14.96577033
1237672795572076697,21.710987,20.258261,18.593056,17.992062,17.57913,3.60830501,-8.7895602
1237672794499186870,18.994864,17.398335,16.550043,16.111324,15.750971,3.61249722,-11.06082886
1237652947990348263,26.77108,21.047318,19.153481,18.518679,18.090797,3.624215,-9.76538748
1237653652910244035,18.880232,17.54233,16.898539,16.435421,16.207907,3.62901316,15.81866596
1237653651836502508,21.951485,20.900135,18.999691,18.304884,17.998682,3.63308318,14.84272766
1237657190906790095,20.317684,18.470795,17.558146,17.139299,16.791367,3.65742564,-6.04698386E-3
1237657189833048180,20.174282,19.11277,18.855433,18.58577,18.546902,3.66082607,-0.93860077
1237653651299631338,22.997812,20.367193,18.67807,18.070837,17.702168,3.66279011,14.37955068
1237657190369919274,25.833237,20.054649,18.349993,17.714903,17.339079,3.66930539,-0.62218544
1237663277929398364,19.091898,17.850679,17.292158,16.957476,16.744066,3.67127247,0.44330104
1237656494041465491,27.710735,20.729282,18.727304,18.022671,17.484924,3.68030061,13.90817223
1237663783662125775,25.478546,20.965778,19.139793,18.509361,18.224909,3.68248632,-0.25018707
1237663277929398388,18.155876,17.033203,16.530632,16.202801,15.966919,3.69772812,0.49089612
1237657191443726480,20.064833,19.029984,18.723829,18.531193,18.465557,3.69944206,0.2649875
1237657190906855485,19.268225,18.047029,17.541597,17.235348,17.037867,3.70106472,-0.04760975
1237657191443726479,19.948587,18.102163,17.231974,16.814754,16.483627,3.70171388,0.26886865
1237657191443726491,19.268612,18.07266,17.650885,17.385321,17.206373,3.70632484,0.30199822
1237652946379800655,17.197895,15.906958,15.399468,15.109526,14.910276,3.73664976,-10.96699793
1237663784198996277,21.339102,19.430948,17.926546,17.386923,17.048855,3.73825525,0.06291154
1237657189833113805,20.538774,18.573681,17.561207,17.115377,16.757694,3.73886371,-0.86188657
1237663782588448914,22.904367,20.364609,18.652065,18.077814,17.717974,3.74579378,-1.14702904
1237663278466269357,20.11797,19.052557,18.419081,18.078588,17.831188,3.75975626,0.95015473
1237657190906856007,22.17485,20.948786,19.200008,18.561865,18.149244,3.76360816,-0.1989326
1237657190369984641,19.237387,18.007246,17.357065,16.929571,16.684135,3.76592946,-0.62432692
1237672795035861087,21.276533,19.180861,17.908869,17.198095,16.922581,3.76961729,-10.38082231
1237672842821108330,21.820261,20.730125,19.087801,18.377121,17.874832,3.77394188,-8.88077651
1237663783662190684,19.701694,17.55648,16.334322,15.846622,15.476171,3.77579005,-0.40366443
1237657192517468232,20.629822,18.332825,17.384066,16.93507,16.634663,3.77584152,1.16703219
1237672795572338841,22.670416,19.832903,18.240168,17.685802,17.251463,3.77665073,-9.36270405
1237657191980597468,19.444256,18.469288,18.074768,17.735283,17.626379,3.78718911,0.64536063
1237657192517468779,22.74452,20.600422,18.93922,18.283173,17.834538,3.79175958,1.12518292
1237663782588448833,19.144363,17.276257,16.355328,15.948469,15.622301,3.79394469,-1.07613822
1237663782588448840,21.179441,19.217495,17.983622,17.585522,17.191202,3.79769751,-1.19824275
1237663782588448840,21.179441,19.217495,17.983622,17.585522,17.191202,3.79769751,-1.19824275
1237653653447180509,19.329924,17.270247,16.17494,15.682158,15.296597,3.79925019,16.14141981
1237672795572273714,22.144346,20.449039,18.635588,17.987204,17.651728,3.80534179,-9.3019483
1237653651299696846,23.323523,20.37888,18.656267,17.98167,17.525513,3.80793623,14.38895429
1237656494041530964,24.246658,20.875179,18.927135,18.272467,17.846649,3.82585301,13.74083096
1237656494041530573,20.64381,18.722284,17.765205,17.30867,16.944798,3.83041937,13.89620036
1237657190369984683,19.712523,18.652472,18.310806,18.021297,17.934874,3.83869877,-0.57153368
1237653650762825956,23.682325,20.288315,18.428257,17.823505,17.373596,3.83905191,14.06387732
1237663784199061753,25.387714,21.174524,19.30271,18.513927,17.997688,3.84495906,0.07686262
1237653651836567948,19.351271,18.074932,17.608908,17.321171,17.120159,3.84553667,14.9256301
1237663783662190830,21.407722,19.308365,17.870398,17.2687,16.933702,3.84763931,-0.28919624
1237663784199061715,26.27401,20.714588,18.939062,18.176992,17.780792,3.84884117,0.15357589
1237680240915185860,21.949263,20.187813,18.380819,17.799509,17.384863,3.85171744,-8.75781635
1237657191980662844,19.04377,17.311056,16.416727,15.885308,15.538939,3.86151454,0.74007924
1237657189833179279,20.008139,19.044928,18.541262,18.138708,18.015787,3.86159948,-0.97166686
1237652946916737332,21.378057,20.360147,18.637098,17.935312,17.412943,3.8697672,-10.42586022
1237653650762825980,20.218887,18.612032,17.542908,17.085978,16.691008,3.87657876,14.14617917
1237657192517533838,19.73653,18.404177,17.548407,17.131775,16.85309,3.87701519,1.08429661
1237663278466334823,19.656075,18.702682,18.132395,17.775991,17.62438,3.87896833,0.97302437
1237663783125319943,17.799915,15.954961,15.089533,14.6819,14.33616,3.87940026,-0.80156163
1237656495115337891,20.087809,18.160873,17.20505,16.766819,16.40769,3.89074107,14.64834772
1237663278466334856,19.98085,18.10779,17.059782,16.602724,16.208704,3.89215267,0.89048984
1237656495115337896,18.860245,17.586489,16.91481,16.490623,16.199665,3.89322511,14.66477167
1237657191443792013,20.384048,19.514231,18.491837,17.965111,17.660637,3.89694855,0.41317021
1237656495652208827,24.11305,21.065096,19.076969,18.404333,18.033726,3.89757874,14.99847548
1237672795035861112,19.939449,19.013603,18.573935,18.211855,18.094687,3.89847311,-10.35403847
1237672796109013364,21.943399,21.089355,19.313698,18.575985,18.184519,3.89952279,-8.79026767
1237672795572338843,22.830793,20.20755,18.474062,17.902397,17.435879,3.90123736,-9.30954097
1237657192517533935,25.483252,20.664005,18.879202,18.27434,17.853376,3.90772981,1.225531
1237663783125385340,20.591959,18.581743,17.46291,16.99452,16.623188,3.91514688,-0.7986489
1237663783125385346,20.679689,18.749863,17.606602,17.147696,16.765474,3.91972664,-0.81363183
1237656495115337933,17.844286,15.921383,14.927725,14.481146,14.143948,3.92320304,14.68908959
1237656494041596042,20.195417,19.293736,18.794432,18.458637,18.398737,3.93071535,13.75388369
1237656495115337935,25.076927,21.113005,19.267241,18.562178,18.266344,3.9324684,14.70015997
1237656495115338013,19.616209,17.660431,16.731621,16.268147,15.936728,3.95030436,14.67681969
1237672796109013121,20.149431,19.207012,18.7309,18.288021,18.273573,3.95837858,-8.77614876
1237652948527350142,26.523827,21.128851,19.315578,18.434891,17.961206,3.96006596,-9.34344723
1237673017835389184,21.362066,21.398727,21.700794,21.61989,21.170202,3.96462908,-11.12176055
1237673017835389183,18.836966,17.620871,17.230392,17.095839,16.988029,3.96565322,-11.12094455
1237652947990478870,20.90852,18.860832,17.70956,17.234997,16.864065,3.96705598,-9.78551117
1237652946916737055,23.185228,21.077955,19.235121,18.626448,18.261616,3.97973252,-10.59941384
1237652901823578187,20.130074,18.722393,17.788635,17.33139,16.976225,3.98483956,-9.02251023
1237673017835454859,22.912058,21.125153,19.404842,18.633438,18.009987,3.98730233,-11.20017137
1237672795572535368,18.415171,17.244743,16.835377,16.518744,16.347115,3.99022703,-9.83730739
1237653653447246159,22.576704,20.510239,18.736435,18.077446,17.636826,3.99716493,16.10271709
1237663784199127286,18.252245,16.463778,15.556966,15.08814,14.681126,4.00027474,0.17939423
1237657192517599426,20.883007,19.740295,18.885065,18.442295,18.095617,4.01425058,1.17442549
1237672796109013221,25.246515,21.04092,19.106451,18.339693,17.996321,4.0146024,-8.76768511
1237663784199127313,19.916914,18.52187,17.708124,17.310757,16.945293,4.01632918,0.14710869
1237663784199127938,24.601942,20.835314,19.139187,18.430595,17.973045,4.03328452,0.06441209
1237663783125385416,20.486305,19.549492,18.942272,18.587435,18.522251,4.03339745,-0.81095358
1237673017835454806,19.780241,18.225136,17.647593,17.300966,17.07551,4.04977159,-11.14188522
1237653650762957223,25.708603,20.978481,19.023338,18.282442,17.818501,4.05506033,14.04713263
1237663782588580318,25.393335,21.099585,19.259581,18.643574,18.247841,4.05794187,-1.08907796
1237663783662321879,23.360302,20.75349,19.01659,18.395153,17.960323,4.05865101,-0.40350653
1237656494041661567,19.588629,18.780205,18.176317,17.766005,17.557613,4.06243983,13.78047536
1237652900212965523,18.740076,17.771877,17.4228,17.104671,17.101231,4.07034298,-10.25319415
1237653651299827905,21.916309,20.008106,18.360407,17.723993,17.295839,4.07240185,14.50517115
1237653650762957024,20.1541,18.502766,17.709423,17.375711,17.251514,4.07525014,14.10493932
1237652946916802597,22.712639,19.893637,18.231178,17.602539,17.307787,4.07946946,-10.56807419
1237672796109144555,24.325716,20.453058,18.875998,18.155645,17.70709,4.08432789,-9.11960689
1237657190370115817,18.075253,16.119827,15.209702,14.799439,14.471199,4.09042181,-0.5745593
1237672796109013252,19.679495,18.179312,17.49048,17.026173,16.779596,4.10096192,-8.82944472
1237672796109013296,19.106674,18.103914,17.545084,17.178253,16.926086,4.10619032,-8.83538704
1237672796109013296,19.106674,18.103914,17.545084,17.178253,16.926086,4.10619032,-8.83538704
1237657189833244815,19.342606,18.420353,18.126841,17.888397,17.846815,4.11451481,-1.03184341
1237656496189145723,22.165314,20.734179,18.900745,17.990507,17.482529,4.11926775,15.43283394
1237652946916802623,19.698963,18.434956,17.705818,17.16608,16.979393,4.12147565,-10.58655483
1237663784199192901,20.59388,18.581938,17.723288,17.270889,16.925406,4.12860667,0.0236683
1237657192517600036,25.113001,21.140942,19.386145,18.534107,18.142027,4.12957835,1.17067421
1237653653447311408,17.919344,16.190334,15.472296,15.099063,14.992663,4.13159576,16.19059204
1237657190370181323,21.139324,18.938128,17.458874,16.916367,16.611355,4.15591591,-0.46083744
1237663783662321842,19.175741,17.24309,16.350832,15.924397,15.610065,4.1564188,-0.39056969
1237657190370181326,18.924751,16.938707,16.009876,15.490322,15.183442,4.15907375,-0.47571323
1237657189833310468,20.036886,17.821739,16.59613,16.092888,15.713237,4.16184558,-1.03538367
1237653651299827919,21.904499,19.94145,18.308388,17.693619,17.321142,4.16226319,14.49298407
1237652946916803216,22.505922,20.614719,18.833817,18.256603,17.797153,4.16843213,-10.47443643
1237657190370181467,25.356461,20.347277,18.495564,17.863354,17.522282,4.17252141,-0.49573881
1237652946916868222,16.354589,15.153719,14.5221,14.195716,13.865844,4.1726973,-10.55278205
1237657190370181178,17.588863,15.589376,14.664466,14.229895,13.905121,4.17730745,-0.44543693
1237653651299827879,22.617447,19.805506,18.185593,17.554403,17.196474,4.17866305,14.52498295
1237657190907052071,18.873133,17.673243,17.03894,16.672649,16.41506,4.18588944,-0.10024806
1237657190370181533,19.369938,18.165533,17.735785,17.483665,17.380669,4.18810087,-0.51225714
1237663782588580009,20.660688,18.607092,17.391336,16.920712,16.559088,4.18830711,-1.1412734
1237656496726081612,19.918755,18.407436,17.693203,17.310568,17.032192,4.18966959,15.89407094
1237663782588580105,21.726925,19.616146,18.541903,18.076666,17.6462,4.18993154,-1.09784473
1237657192517664880,17.404268,15.511414,14.594296,14.252844,13.806082,4.19291205,1.21029871
1237663783125516714,25.01906,21.945736,20.260242,19.538116,19.173855,4.19390526,-0.67072543
1237656496726081621,18.806974,17.842289,17.512888,17.244287,17.190453,4.19997831,15.84640222
1237657191443923153,20.349342,18.698084,17.793779,17.267443,16.854885,4.20874557,0.27353587
1237657190370181390,18.562786,17.2959,16.701622,16.333015,16.096956,4.20971125,-0.44047188
1237663278466465922,20.830156,18.90177,17.688736,17.2334,16.888916,4.21193611,0.99062591
1237653652910506422,22.537628,21.674093,19.702652,18.576851,18.071339,4.21453732,15.70406647
1237657191980794258,23.705219,20.099684,18.5361,17.913267,17.538124,4.21784194,0.76015781
1237663277929595136,21.532898,19.428877,18.031021,17.464125,17.098072,4.24045178,0.52767225
1237663782588645622,20.176022,18.075459,16.890505,16.426638,16.075472,4.25294767,-1.22861274
1237657190370181474,20.705133,18.943701,17.694942,17.210787,16.837387,4.25965965,-0.58826172
1237652947990610054,20.935913,18.903051,17.906389,17.465961,17.106714,4.26383101,-9.67504683
1237652947990610055,19.612486,18.297518,17.644651,17.229149,17.018309,4.26850894,-9.68096987
1237678617419710598,18.454273,17.202456,16.618608,16.264862,16.025013,4.27527412,1.25743193
1237678617419710604,20.135033,18.549622,17.884857,17.460804,17.228312,4.28642014,1.25304362
1237663278466531382,20.30167,18.729671,17.572521,17.114302,16.753416,4.28961473,0.8584461
1237663782588645646,20.936811,18.877268,17.69923,17.225845,16.857059,4.30236776,-1.21703755
1237657191443988686,23.087133,20.916912,18.989796,18.266809,17.905493,4.31269727,0.21883099
1237653653447377181,23.11537,20.171587,18.42762,17.803537,17.352247,4.31566206,16.11881076
1237663277929660611,19.057405,17.84671,17.265152,16.930374,16.695738,4.32067414,0.53505221
1237652947453739183,18.669128,17.23715,16.535046,16.131443,15.857321,4.32141175,-10.10218161
1237652900749967777,27.049631,20.594246,18.738071,18.085787,17.674116,4.32495915,-9.88127391
1237673019445215399,23.349148,19.733398,18.169039,17.574949,17.165129,4.32504641,-8.94415023
1237656494041727202,20.572741,18.506058,17.52042,17.051725,16.698154,4.32847343,13.76894341
1237656495115469014,19.875212,17.19611,15.717942,14.906811,14.68227,4.32975833,14.69000214
1237653650763022603,19.636856,18.830927,18.109829,17.704498,17.497765,4.34211781,14.11421708
1237656495652405394,20.320723,18.248758,17.231714,16.758215,16.391138,4.35277037,15.04285824
1237652946380062841,19.667179,17.657551,16.780289,16.360039,16.059834,4.35281861,-10.84848894
1237657189833376029,15.945993,14.72005,14.009733,13.638435,13.335505,4.35763941,-0.97850635
1237657189833376029,15.945993,14.72005,14.009733,13.638435,13.335505,4.35763941,-0.97850635
1237663783662452835,20.454128,19.446905,18.690582,18.314867,18.169172,4.36053423,-0.2239754
1237656495115534758,25.584087,21.277452,19.428246,18.45583,17.987123,4.36690298,14.762936
1237663783662452839,19.836765,18.508194,17.764872,17.361731,17.064425,4.36782512,-0.29638625
1237663782588711219,20.501125,19.44426,18.61307,18.251209,17.824207,4.37003843,-1.20062135
1237663277929660648,19.058922,17.54748,16.745981,16.329554,15.969254,4.37434181,0.55115257
1237663277929660696,20.199337,18.834358,18.089378,17.671614,17.450531,4.37494189,0.60257686
1237663782588711261,24.929935,20.22127,18.450249,17.824928,17.340046,4.39121971,-1.19068481
1237663278466531442,20.191561,19.340145,18.851606,18.569191,18.487846,4.39907437,0.97437395
1237657191443989039,22.993187,21.323423,19.625204,18.878242,18.44965,4.40232182,0.37763958
1237663783125581970,19.96229,19.019058,18.428518,18.034103,17.867382,4.41024233,-0.68258392
1237656495652405540,26.224108,20.312462,18.43404,17.765532,17.396536,4.41712725,15.13288581
1237656494578663622,25.630756,20.286486,18.520329,17.871017,17.485889,4.41790653,14.349605
1237657191980859623,20.80871,19.933821,19.190367,18.820936,18.574234,4.42972009,0.64039404
1237672796109537480,23.958805,21.787497,19.760153,18.859205,18.530184,4.43135966,-9.8583926
1237653652373700838,19.130104,18.610769,18.108068,18.057724,17.656216,4.43292103,15.41539603
1237652947990675686,19.007162,17.881607,17.476765,17.22057,17.037066,4.44686988,-9.78901635
1237653651836830308,23.474117,21.057158,19.212757,18.359159,17.9338,4.45021989,14.88523844
1237652948527546431,21.451622,19.78706,18.219934,17.613485,17.220463,4.45427631,-9.24533979
1237652949064417469,26.092781,20.138338,18.371342,17.791355,17.411436,4.4601617,-8.76180705
1237652946916934157,22.474295,20.960268,19.141808,18.368105,17.932188,4.46488306,-10.58066854
1237657192517795970,19.868322,18.531376,17.72283,17.305143,17.0804,4.46501743,1.18481198
1237656494041792709,19.977304,18.396133,17.599358,17.108648,16.717003,4.46566594,13.79768351
1237657192517796253,25.081795,21.539589,19.723124,18.915966,18.398077,4.4664417,1.13808922
1237657192517795974,19.574238,18.083603,17.160294,16.71229,16.415203,4.46751031,1.19927118
1237656494041792642,19.316071,17.948877,17.253578,16.824276,16.54348,4.46951657,13.80778711
1237663782588711377,20.052704,19.119318,18.5369,18.140598,18.031633,4.47006591,-1.21685503
1237672796109537435,26.177393,19.695845,18.12265,17.527094,17.192846,4.47178058,-9.91310911
1237663784199323879,19.495039,18.262598,17.643467,17.292023,17.048656,4.48048545,0.13934263
1237663783125582004,19.043955,17.932978,17.205503,16.798347,16.481691,4.48287218,-0.67430261
1237657192517795990,20.164005,19.296171,18.753803,18.418903,18.23893,4.48307588,1.14181289
1237663784199323880,18.299431,16.621588,15.809208,15.405183,15.077892,4.48399544,0.14082042
1237653650763088035,18.866886,16.283474,15.050036,14.601042,14.366442,4.49273859,14.14297998
1237663277929726257,20.526751,18.823235,17.828619,17.367643,17.004576,4.49440425,0.51896765
1237652948527612243,23.293571,20.787832,19.076328,18.297062,17.937241,4.49633151,-9.35940296
1237657190370312290,19.174065,18.261011,18.042538,17.698114,17.698486,4.49892336,-0.45874515
1237663782588776615,20.419388,19.529009,19.012829,18.696146,18.589851,4.50871817,-1.23917126
1237663782588776691,21.023787,19.773323,19.101629,18.712477,18.602566,4.52226044,-1.10171011
1237657190907183356,23.191038,20.578392,18.812572,18.139145,17.795998,4.52679144,-0.15428341
1237653653447508089,19.384706,18.058153,17.496008,17.146755,16.97831,4.52710663,16.14555169
1237652900213227778,25.269836,20.593525,18.860064,18.10491,17.734102,4.54005329,-10.37322673
1237653652910637533,21.586725,20.28059,18.501013,17.827803,17.39991,4.54736602,15.80636961
1237657190370312316,19.338253,17.458378,16.564608,16.152657,15.812385,4.55200753,-0.61330169
1237652946380128469,22.402607,20.844444,18.993088,18.285349,17.810667,4.5536627,-10.864382
1237652946916999639,22.966412,21.331322,19.518173,18.874342,18.604225,4.56070071,-10.520129
1237652946916999268,20.666605,18.567228,17.514572,17.078405,16.740768,4.56156477,-10.49889208
1237657191980925737,22.421965,19.90457,18.11116,17.476389,17.180019,4.56406,0.7744758
1237653652373766740,26.641249,21.144115,19.248608,18.453236,17.911951,4.59004416,15.29842064
1237652948527612116,20.994751,19.349409,18.145815,17.619923,17.265022,4.59272189,-9.36104712
1237663278466662547,19.648268,18.657537,18.042393,17.63632,17.46224,4.59890755,0.99009781
1237653653447508137,19.297577,17.350433,16.391167,15.955303,15.60531,4.60606845,16.13096721
1237653652373766788,21.815292,21.073233,19.396452,18.539448,18.022221,4.60635947,15.35671423
1237652947990741559,21.948923,21.27496,19.496466,18.652927,18.227697,4.60882676,-9.69411639
1237663783662518408,20.618444,18.534384,17.445164,16.99441,16.669081,4.6185298,-0.33171156
1237657190370377822,19.466843,18.126322,17.705994,17.408678,17.485849,4.62134066,-0.53934349
1237672796109602841,24.12488,20.60339,18.821741,18.197241,17.820927,4.62586396,-9.9479311
1237652948527612124,21.786402,19.483109,17.950516,17.367678,17.013723,4.62778019,-9.35254624
1237652949064482860,24.443691,24.090317,19.508066,18.549255,18.220125,4.62982888,-8.78338248
1237657191980990661,21.68642,20.371489,18.589834,17.961824,17.586117,4.63062897,0.81134062
1237657192517861552,21.646812,19.616844,18.148762,17.609037,17.257053,4.635974,1.22716017
1237653651300024597,22.911814,20.667713,18.733564,18.058834,17.727106,4.63922858,14.37296376
1237656495115665627,22.57737,20.192024,18.461824,17.792141,17.366674,4.65503514,14.73931922
1237657190907248903,21.965147,19.855007,18.109165,17.497797,17.108086,4.66347779,-0.07422062
1237663784199455033,21.826208,20.482817,18.653168,17.976513,17.624704,4.66537371,5.45033359E-3
1237678617419907146,19.042688,17.936985,17.392595,16.960554,16.804712,4.66679809,1.26086333
1237653651300090150,21.792665,20.610424,18.751728,18.057684,17.547838,4.66707313,14.41316398
1237663783662584000,20.751955,19.676483,18.98465,18.561628,18.27363,4.6729574,-0.26035624
1237656496726278567,21.442217,20.682158,18.950457,17.823212,17.299656,4.69871577,16.03738156
1237663783662583938,18.766867,17.490902,16.871313,16.46166,16.212095,4.70928604,-0.30389141
1237653653447573538,19.062019,17.239168,16.360723,15.892242,15.603885,4.71260114,16.17878574
1237657190907248936,22.514067,20.12133,18.416634,17.767828,17.353712,4.71396048,-0.0758
1237653652373832233,22.382505,21.500658,19.543259,18.653687,18.093336,4.72372372,15.28652631
1237663784199454967,20.01667,18.948465,18.244381,17.818909,17.60919,4.72748155,0.09934501
1237657190370443602,25.736408,20.444906,19.321482,18.764002,18.44891,4.74175128,-0.5634192
1237657189833572408,19.662479,18.752611,18.270966,17.934072,17.872128,4.74218063,-0.95161233
1237657191444185298,23.644217,19.980848,18.244623,17.606268,17.230335,4.74223716,0.2625685
1237657192517926984,20.107937,18.304293,17.446707,17.094727,16.804029,4.75276851,1.0872345
1237653653447573666,19.838455,18.496038,17.636454,17.172993,16.899961,4.7547915,16.18935663
1237663782588842268,19.801504,18.27533,17.374781,16.947884,16.659302,4.76285877,-1.1510764
1237657190907314321,19.861195,18.976721,18.386251,18.065989,17.945757,4.76647297,-0.15688637
1237657190907314638,22.375038,21.179258,19.31465,18.574375,18.134525,4.77545337,-0.10810626
1237656495652536929,23.677744,20.164402,18.431278,17.718605,17.267286,4.78106641,15.12749904
1237657189833572424,19.182156,18.586136,18.204403,17.897974,17.857725,4.78148293,-0.87710846
1237663782588842233,18.842651,16.838638,15.877998,15.431588,15.074785,4.7826755,-1.25021748
1237657192517926993,19.774469,17.872732,16.870926,16.452261,16.101007,4.78654774,1.15795005
1237653653447573689,20.412271,18.612272,17.706238,17.291439,16.952723,4.78973692,16.21766991
1237652948527743239,23.307579,21.061512,19.293638,18.576982,18.162037,4.79178742,-9.18338026
1237653650763219222,22.457882,19.588459,18.058039,17.507534,17.147573,4.79965389,14.11038938
1237656494041923738,19.242535,17.830965,17.183903,16.808109,16.568142,4.80050061,13.7692614
1237663783662649538,22.722475,19.987373,18.340908,17.740038,17.275713,4.80262537,-0.39673683
1237657190907314764,21.333042,19.916344,18.382311,17.758293,17.302341,4.81383779,-0.19965474
1237657190907314351,21.660936,19.985081,19.304569,19.293858,18.68364,4.82195921,-0.0542031
1237657191981056142,20.804205,18.538132,17.581816,17.207956,16.933371,4.82549382,0.68510999
1237663278466728105,20.044529,18.880655,18.426508,18.101744,17.987358,4.83325412,0.97547441
1237672796109799752,22.597778,21.982641,20.728539,19.432257,18.872866,4.83631094,-10.35313466
1237653651837026450,22.66794,20.693319,18.81768,18.140076,17.723442,4.84077143,14.93815462
1237663783662649445,20.863617,19.919273,19.356655,18.945227,18.826088,4.84266857,-0.25743115
1237656495115731174,21.407158,19.625856,17.981096,17.343031,16.989098,4.84977367,14.65308533
1237663277929857270,20.053188,19.158257,18.737436,18.524294,18.412333,4.85643497,0.43572916
1237657191444185290,19.000549,17.368923,16.515265,16.094215,15.7619,4.88823293,0.40095603
1237657191981121610,19.50598,18.762953,18.285664,17.930742,17.826097,4.89889253,0.71838852
1237663783662649507,19.6497,18.499094,17.84939,17.476568,17.251726,4.90004461,-0.28814494
1237663783125778564,20.065222,18.90984,18.399956,18.077982,17.813015,4.90604404,-0.74080319
1237657190907379817,20.617733,18.626436,17.53463,17.046284,16.685513,4.9141056,-0.13147428
1237652947990872217,23.776352,20.763857,19.000158,18.425209,18.091991,4.91921365,-9.67822427
1237656495115731130,23.842434,20.28952,18.546177,17.931961,17.534222,4.92685246,14.72703286
1237663784199520536,19.024736,17.093899,16.054291,15.593444,15.199443,4.92820705,0.10263328
1237652630711304313,19.182207,18.527466,18.318098,17.971754,18.020187,4.93133246,-9.55471256
1237663277929922703,21.756226,20.353758,18.588051,17.962765,17.568092,4.93746141,0.46768804
1237653651837026532,19.297373,18.041758,17.286411,16.891809,16.642672,4.94042441,14.98191836
1237663783662715307,22.716352,20.513819,18.784138,18.131811,17.656031,4.94042638,-0.37317349
1237657190370509078,20.151382,19.054085,18.326324,17.95833,17.724987,4.96150428,-0.45315477
1237653651300221117,21.96549,20.010313,18.3895,17.769436,17.35741,4.97159973,14.52028995
1237657191444250800,20.283546,19.240141,18.610573,18.257519,18.112867,4.97439919,0.32910833
1237653651300221135,21.855778,20.164381,18.564901,17.944048,17.547672,4.99043513,14.49201252
1237656495652667798,21.823437,20.122597,18.271259,17.679829,17.229389,4.99290752,15.16192452
1237656495115796728,22.32375,20.035501,18.295786,17.625343,17.26827,4.99443804,14.60859512
1237657190907379894,20.892391,18.459778,17.469963,16.94969,16.518524,5.01527675,-0.19264289
1237653650763350251,22.892004,20.457487,18.69273,18.038324,17.64238,5.01724583,14.10713656
1237663782588973185,17.878693,16.447273,15.729261,15.338618,15.058627,5.02040958,-1.24987791
1237652629637628015,20.370564,18.67565,17.771065,17.292181,16.949354,5.03540638,-10.37381736
1237663783662715045,20.316296,19.086903,18.319407,17.922812,17.734797,5.04560743,-0.36614851
1237663784199585941,20.924454,18.829622,17.409258,16.900703,16.532358,5.05318694,0.08066168
1237657192518058096,20.131195,18.654467,17.275452,16.762087,16.385624,5.05847887,1.17137245
1237652946380325047,20.74962,19.480324,18.489386,18.029806,17.852686,5.06352651,-10.99217406
1237663784199585976,19.021049,18.25893,18.021191,17.645226,17.649639,5.0636947,0.1852844
1237657191981187277,20.290888,19.540493,18.823132,18.372326,18.183477,5.06721872,0.68314346
1237653650763350236,22.036062,19.168039,17.75292,16.487831,15.780482,5.07798299,14.10019177
1237657192518058186,21.327274,19.314865,17.74494,17.173162,16.775709,5.08187473,1.15867389
1237663277929988241,20.274546,19.385242,19.007437,18.430233,18.587511,5.09005284,0.505975
1237663783662780876,22.540565,20.835178,19.078718,18.43149,18.006353,5.09182928,-0.21995945
1237653651837092070,22.622429,20.619644,18.710548,18.040892,17.635952,5.09729528,14.98465606
1237672796110192686,18.662157,17.512791,16.894569,16.448244,16.202145,5.10421075,-11.23341624
1237663278466859158,19.594656,18.535151,18.089125,17.782715,17.659351,5.10504827,0.84643578
1237657190907445310,18.295246,16.694994,15.621883,15.140613,14.576673,5.10739624,-0.05662489
1237657192518058202,22.002611,19.752573,18.117336,17.557022,17.197006,5.11010015,1.12660049
1237652949064745208,23.758844,20.615324,18.842676,18.1071,17.732027,5.11084949,-8.887375
1237657191444316292,19.217451,18.104822,17.736864,17.469395,17.298122,5.11802796,0.24612999
1237657191444316294,18.625349,17.528307,17.04451,16.674324,16.495852,5.12080601,0.30070875
1237657190907445483,19.945005,18.098053,17.196283,16.796335,16.45977,5.13663699,-0.18846838
1237656242784895159,17.429043,15.871751,15.101004,14.703801,14.393975,5.14104692,15.6293902
1237652946917261402,24.422764,20.905199,19.136019,18.475513,18.087475,5.1429246,-10.45339708
1237657192518058141,21.171959,19.257763,17.808477,17.249243,16.915134,5.14654612,1.07513934
1237663782589038884,21.097431,18.76664,17.456161,16.978081,16.594786,5.14950191,-1.14412838
1237663783662780702,21.845753,19.48987,17.975327,17.344559,16.886131,5.16281414,-0.22865263
1237663783125909766,19.604446,18.469553,17.927122,17.640978,17.474377,5.16320914,-0.63829112
1237652947454132572,22.919254,21.227484,19.365532,18.621748,18.282808,5.16777673,-10.02634798
1237652900750360673,21.183781,19.692015,18.356018,17.766336,17.346119,5.17302556,-9.80829571
1237653652374028515,23.597757,20.507833,18.799498,18.161112,17.803272,5.18272303,15.23482957
1237663716016587017,22.633879,21.191465,19.115646,18.415237,17.95396,5.19366605,0.53583461
1237663716016586976,20.801992,18.996126,17.787043,17.258936,16.911972,5.21190502,0.49167297
1237653651837157426,22.928915,21.464937,19.703131,18.871773,18.317671,5.21766041,14.86583824
1237657191981252729,19.532236,18.814968,18.188635,17.788664,17.60129,5.22214867,0.63687906
1237653650763415652,24.900053,20.846058,19.284636,18.580128,18.504833,5.22393761,13.96482985
1237663716016652648,23.093002,21.213169,19.325436,18.515089,18.135952,5.23778205,0.60295122
1237653651837157626,22.514257,20.380136,18.665068,18.00367,17.622416,5.23810376,14.84907342
1237663782589104218,19.1611,17.382298,16.515276,16.041136,15.701303,5.24230601,-1.2521775
1237653652374028853,24.003277,20.701899,19.052715,18.369015,17.97073,5.24632091,15.36274265
1237663278466924740,19.077116,17.879517,17.087763,16.657347,16.378262,5.24778953,0.87863492
1237657190370640040,24.814497,20.89535,19.060764,18.372231,17.860437,5.24815155,-0.56546132
1237663278466924794,21.346914,19.388327,17.945303,17.411634,17.083944,5.24851678,0.89896761
1237657190370640043,19.620449,17.797171,16.922731,16.534531,16.21916,5.24919104,-0.57507143
1237657191444382259,23.098103,20.742029,18.894175,18.262339,17.876875,5.25000692,0.24190976
1237663278466924652,19.788872,18.257536,17.241846,16.80904,16.500177,5.25229384,0.8773133
1237663782589104229,19.294397,18.014803,17.282413,16.880062,16.603136,5.2538226,-1.25446903
1237657191444381869,21.589092,20.064077,18.350122,17.75794,17.335443,5.27082171,0.23504852
1237657191444381875,20.896255,18.896544,17.54874,17.028265,16.706251,5.27170273,0.25026233
1237656496189669511,18.539272,17.001598,16.197412,15.728585,15.3805,5.27976629,15.4543462
1237653652374094195,22.949902,20.860714,19.118156,18.390465,17.869272,5.28196236,15.28249729
1237653650763481491,24.030296,21.086231,19.51297,18.663113,18.165775,5.28978489,14.01681453
1237657189833769199,20.437122,18.648323,17.669102,17.25741,16.903442,5.29072847,-0.9299087
1237653650763481513,23.961838,21.007032,19.233843,18.49416,17.989016,5.29775261,14.06652714
1237657189833769382,19.410505,18.099594,17.49996,17.175098,17.042673,5.29804179,-0.97234775
1237653651837222927,20.327545,18.928503,18.078564,17.721697,17.235247,5.30255018,14.81801002
1237652949064810642,19.626638,18.361044,17.676912,17.298332,16.974592,5.30402998,-8.81682188
1237663783125975320,22.198996,20.235037,18.38512,17.725061,17.249577,5.30401179,-0.71433302
1237657189833769387,20.361546,18.422873,17.378189,16.839781,16.420307,5.30574714,-0.97961425
1237652629637759136,23.87162,20.589485,18.775661,18.140072,17.778543,5.31451503,-10.27973496
1237656495652798780,22.952034,20.832403,18.871994,18.227488,17.852688,5.31731168,15.03341012
1237663783125975165,19.435869,17.384491,16.370708,15.920454,15.548798,5.31929033,-0.83669347
1237673019446329384,20.208778,19.358242,18.723955,18.420576,18.253691,5.32542055,-11.16974884
1237652947991068782,18.961372,17.051991,16.115746,15.678197,15.319008,5.32598076,-9.73587344
1237657191981252797,20.212196,19.36614,18.778728,18.325098,18.129078,5.33206117,0.63382834
1237656494579057105,23.660135,21.805855,19.851128,18.96594,18.481932,5.33519037,14.20819088
1237663784199717125,22.257706,20.212675,18.542459,17.934366,17.620186,5.34301734,0.05061537
1237656494579057134,25.048962,20.570473,18.786999,18.148857,17.732992,5.34344174,14.33970836
1237656495652798796,21.869274,20.088688,18.384285,17.76679,17.342392,5.34421715,15.0655357
1237663782589104277,17.978657,16.065523,15.163886,14.75087,14.458554,5.34446705,-1.20935778
1237663782589104278,19.266514,17.256884,16.303596,15.859955,15.560575,5.34508284,-1.21856274
1237663278466990264,21.759253,20.378906,18.580458,17.917162,17.54776,5.37219423,0.90971328
1237657189833834664,20.290388,18.143955,17.005005,16.533737,16.183136,5.3800376,-1.02152248
1237663783126040924,23.323622,20.659523,18.886965,18.248852,17.82424,5.39914862,-0.67980857
1237652946380521801,21.700321,19.606686,17.976442,17.380901,17.036442,5.40010422,-10.84356914
1237657191444447472,20.991398,19.08943,17.761641,17.230629,16.86451,5.40511274,0.27272791
1237656496189669638,25.593426,20.146828,18.454012,17.824188,17.496222,5.40845039,15.44520682
1237663783126040742,20.300207,18.309185,17.33746,16.905443,16.561502,5.41673898,-0.76478078
1237657189833834754,19.68576,17.552801,16.523115,16.092737,15.706266,5.43227378,-0.85436318
1237657189833834755,20.157806,18.221607,17.211739,16.746115,16.488354,5.43314175,-0.85364963
1237657191444447422,20.124336,19.180845,18.75835,18.34939,18.256746,5.44381927,0.31732121
1237663782589169768,19.728712,18.137878,17.120953,16.691345,16.351162,5.45042448,-1.24959318
1237657191444447486,21.545034,19.566071,18.016256,17.45216,17.108822,5.45791963,0.36597192
1237652947991134396,23.662161,21.088791,19.255281,18.438604,17.966045,5.45868313,-9.72842255
1237652630711566590,21.718786,21.124224,19.559908,18.736217,18.183153,5.45895434,-9.4683669
1237663784199782606,23.052433,19.702482,18.138145,17.531296,17.16427,5.47231404,0.05610151
1237657189833834814,20.564278,18.732019,17.725006,17.304358,16.946369,5.48292766,-1.00103218
1237657189833900188,20.090813,18.147221,17.119108,16.670895,16.311504,5.49081546,-0.95139942
1237653650763547006,22.66416,21.044609,19.186693,18.52968,18.089981,5.49230751,14.0583396
1237653652374159634,22.098688,19.722223,17.953602,17.318401,16.887243,5.49524498,15.25105743
1237657189833900334,19.001663,17.651499,17.060633,16.689531,16.503502,5.49986803,-0.98352003
1237656494579122331,22.247972,19.43045,18.082352,17.499643,17.107033,5.50238518,14.27170528
1237663782589169789,20.157072,18.568562,17.604506,17.143692,16.774391,5.50455365,-1.21095928
1237652946380522050,23.35218,20.742683,18.920614,18.269438,17.956217,5.50726711,-10.84033382
1237663783126040837,19.89076,18.167442,16.967991,16.466293,16.081142,5.52556414,-0.83560794
1237656496726606321,21.286766,20.371368,18.524002,17.840376,17.506941,5.52591969,15.90201438
1237657191444513206,20.939739,20.108728,18.375612,17.601242,17.110846,5.52697686,0.23647829
1237663716016718022,22.163946,20.348503,18.617168,17.962313,17.583969,5.52762406,0.49891884
1237657190907641970,19.719835,18.65295,18.250744,17.932493,17.852896,5.53148131,-0.10198368
1237653652374159640,21.947605,20.431822,18.624735,17.999191,17.584629,5.53451759,15.30123764
1237657192518255009,23.315611,20.708845,18.993872,18.356745,17.991795,5.53525809,1.21671024
1237657191444512854,18.017851,16.092777,15.21613,14.765244,14.437293,5.53623601,0.36681214
1237652630711566732,20.346037,18.798098,17.889723,17.384602,16.97261,5.55230657,-9.57729213
1237656495115993354,26.1378,20.568724,18.808342,18.115227,17.669268,5.55490102,14.7479947
1237656495652864228,23.078764,21.038317,19.162945,18.43153,17.941641,5.5605916,15.06263508
1237656495652864169,19.63677,18.903303,18.671251,18.299608,18.283014,5.56142661,15.0436929
1237652947991200068,23.052778,22.154079,20.284834,19.644533,18.990168,5.56570126,-9.72872002
1237657190907642153,23.666708,20.932465,19.131746,18.351757,17.999628,5.58605144,-0.20586225
1237663784199848167,21.38566,19.241772,17.707752,17.106497,16.686052,5.59129047,0.19003155
1237652901824299063,19.952612,17.902674,16.869198,16.423574,16.039433,5.59575861,-9.04637617
1237663783126106255,18.905006,17.485176,16.999069,16.742828,16.589685,5.60515738,-0.77179649
1237653651837354332,22.56424,20.634693,18.749352,18.047146,17.549328,5.60868639,14.97665697
1237663716016783569,25.780758,20.511728,18.714651,18.076227,17.661503,5.61680709,0.50705283
1237652629101019240,19.500153,17.536022,16.680164,16.16407,15.759793,5.6177337,-10.69849682
1237652949064941677,19.841507,18.28079,17.268309,16.801472,16.408119,5.62379979,-8.82842228
1237653651837354191,24.152838,20.816704,18.753366,18.0588,17.625916,5.6300431,14.80474975
1237652949064941688,20.638607,18.750769,17.667875,17.212143,16.863016,5.63234166,-8.83154119
1237652946917458071,21.978462,19.840988,18.252716,17.667917,17.308033,5.63397125,-10.4302099
1237653652911095926,19.317396,17.239799,16.21418,15.726502,15.383188,5.63936867,15.66189684
1237656495116059060,25.847469,20.468277,18.694891,18.023405,17.674427,5.64388117,14.78085252
1237657191444578440,19.99988,18.325344,17.444313,16.901043,16.569658,5.64867215,0.23541723
1237663783126106319,20.339125,18.471189,17.417805,16.932949,16.586792,5.65135279,-0.77422769
1237657189833965740,21.81181,19.254496,17.977907,17.484221,17.163076,5.66779861,-0.88649871
1237652946380587471,26.561304,20.057951,18.304264,17.655212,17.310823,5.67026281,-10.9192178
1237653651300483269,22.193283,20.09289,18.45739,17.759523,17.298349,5.67049434,14.5195616
1237657191981449457,22.877018,19.741945,18.044844,17.414133,16.97809,5.68680445,0.6952166
1237663716016848976,19.846771,18.784422,18.427998,18.156591,18.073183,5.69435602,0.42500499
1237656495116058765,18.726799,17.574768,17.176641,16.884214,16.757156,5.70813871,14.74083247
1237657191981449370,18.317219,16.394348,15.483716,15.038103,14.705152,5.70842517,0.77103567
1237657191981449394,19.835835,17.912237,17.026438,16.596521,16.316545,5.71906365,0.7633804
1237678617420365966,17.525356,16.307711,15.711451,15.327378,15.117916,5.72155216,1.26570849
1237663783126171773,19.563292,18.83457,18.481777,18.266918,18.170729,5.73165296,-0.68540313
1237653651837354182,20.150019,19.58058,18.862898,18.443262,18.200626,5.73526737,14.84809588
1237678617420365977,20.086348,17.926203,16.731701,16.261566,15.891943,5.73694072,1.26546743
1237657191444578357,22.397499,20.165066,18.310282,17.634119,17.22191,5.74114995,0.32494494
1237653652374290657,21.547546,20.34753,18.664129,17.959246,17.517916,5.74467186,15.28465904
1237657190907707610,20.547417,18.772242,17.586306,17.103437,16.766754,5.745231,-0.16551094
1237652946917523880,25.230171,21.112394,19.254177,18.430481,17.876757,5.74718722,-10.49273185
1237656495116124359,25.229279,20.241825,18.250168,17.530405,17.210787,5.75279585,14.78239604
1237657192518320259,18.063309,17.555376,17.550934,17.529562,17.66077,5.75748057,1.18474258
1237663716016849197,22.58646,19.578531,17.9667,17.363081,17.023741,5.75891375,0.41949295
1237656495116124529,23.914156,21.548201,19.729622,18.843397,18.393797,5.76171442,14.69043249
1237653651837419774,24.209322,20.707113,18.951721,18.263311,17.859531,5.76511246,14.895676
1237657190907707493,20.458311,18.235554,16.992956,16.471128,16.083946,5.78011198,-0.0635051
1237652948528136411,23.632072,20.475603,18.69677,18.078352,17.756195,5.78086381,-9.29137632
1237663782589300867,19.473787,18.292896,17.755447,17.347414,17.181753,5.78595719,-1.25531349
1237653650763678126,26.962936,20.817417,18.986319,18.196394,17.729519,5.78720304,14.10308831
1237663782589300872,19.573267,18.528603,18.080624,17.803356,17.612955,5.79424529,-1.07598528
1237657189834031189,19.16523,17.27953,16.385988,15.963608,15.659497,5.80282281,-0.98677563
1237663783126171904,22.187456,20.439287,18.682299,18.093296,17.745783,5.80305721,-0.65689841
1237663783126171832,20.107605,18.267134,17.312243,16.890648,16.549278,5.80671256,-0.65231021
1237663784199913815,19.982975,19.043625,18.450766,18.079794,17.918995,5.80853762,0.1487041
1237663782589300974,24.773218,20.8342,19.152998,18.442202,18.061153,5.81267463,-1.22270462
1237656495652995380,25.561668,20.539721,18.836378,18.167854,17.737284,5.82809993,15.09271084
1237657191444644171,25.808182,21.027704,19.081165,18.399656,18.075424,5.82925728,0.35611723
1237663784199913894,22.389664,20.720335,19.265074,18.928423,18.641989,5.83241531,0.17901441
1237652946380652691,20.285906,18.67074,17.688978,17.249599,16.953226,5.83255363,-11.01858919
1237663783126171851,19.109262,18.049461,17.571449,17.309971,17.170937,5.83565992,-0.70738099
1237653652911161499,21.822371,18.902946,17.499374,16.204504,15.493464,5.84300174,15.82341071
1237657192518385722,20.802393,18.845051,17.649858,17.157173,16.800785,5.85521141,1.22570598
1237657189834031236,22.641253,20.077444,18.682091,18.074659,17.682953,5.85741001,-0.98324373
1237657189834031235,19.30257,17.709862,17.000523,16.638931,16.401146,5.85870388,-0.9837414
1237652629637955755,21.94042,19.355829,17.810841,17.192848,16.81604,5.85950224,-10.25425162
1237663278467186925,20.637049,19.569221,18.824398,18.435043,18.247505,5.86701729,0.87840796
1237652630711697874,24.888161,20.888964,19.206142,18.452318,17.979742,5.87079361,-9.48777968
1237652629101085281,24.370302,21.222975,19.617998,18.996506,18.599009,5.87125944,-10.73763705
1237652629101084918,23.321537,19.704269,18.162281,17.575493,17.223738,5.87397647,-10.83631971
1237652628564213939,22.173063,20.670069,18.874689,17.925859,17.466734,5.87727786,-11.13173039
1237657192518385857,19.695839,18.256197,17.658253,17.322462,17.053387,5.88529288,1.23374046
1237663783126237344,19.520689,17.415564,16.429501,15.92274,15.560486,5.91365495,-0.79242174
1237652900750688317,18.427492,17.479734,17.899551,17.528763,17.649035,5.91504135,-9.81353322
1237663784199979790,21.952833,20.963907,19.144365,18.40337,17.866705,5.91924012,0.02496734
1237663278467252303,19.918364,18.963957,18.24938,17.846828,17.621809,5.92786811,0.98945497
1237663716016914660,19.899864,18.960602,18.287546,17.948429,17.756016,5.95428734,0.60498288
1237656496726802864,24.446514,21.732302,19.777599,18.992373,18.545059,5.97152161,15.90710836
1237652628564279427,21.989016,19.427963,17.838114,17.272444,16.909187,5.97479129,-11.21002844
1237663204916789321,19.788591,19.002714,18.522026,18.258606,18.134962,5.97574046,0.754292
1237663716016980110,22.480066,20.360594,18.682634,18.099987,17.744352,5.97857805,0.57610997
1237663783126237442,19.872639,18.396383,17.454084,16.979134,16.620579,5.98198875,-0.74657537
1237653650763743504,22.006176,19.802725,18.27676,17.613136,17.252398,5.98356457,14.02688775
1237657189834096745,19.241982,18.288898,17.551327,17.143097,16.907251,5.98788387,-0.8839184
1237657189834096825,19.283796,17.973459,17.135323,16.708138,16.410982,5.99039359,-0.84269087
1237663784200044970,24.948402,21.012316,19.241808,18.596313,18.196537,5.992014,0.11516047
1237663278467252341,25.032616,20.401735,18.679831,18.084496,17.722221,5.99477539,0.92862565
1237653652374356232,22.561798,20.747147,18.889353,18.207945,17.885504,6.00695172,15.24989347
1237663716016980128,21.976765,19.932648,18.381529,17.813036,17.512691,6.00853995,0.50173734
1237657190370967801,22.470926,20.658859,18.860386,18.194834,17.720715,6.01206714,-0.55526258
1237652900750688368,19.523226,17.457964,16.366819,15.911274,15.538898,6.01907206,-9.80890527
1237657189834096831,19.272644,17.711626,17.046455,16.648857,16.524769,6.0282381,-1.01075057
1237656495116189891,19.352434,18.041191,17.603287,17.34202,17.282148,6.03463232,14.73195795
1237657189834096775,20.017038,18.812672,18.328751,17.996803,17.898254,6.03950819,-1.00895452
1237657191444709646,22.673416,20.007147,18.270491,17.663898,17.35004,6.04019467,0.2812987
1237652947454525739,24.491758,20.927349,19.067291,18.421402,17.910774,6.04251545,-10.11323089
1237657189834096782,17.700342,15.767267,14.864908,14.437046,14.134946,6.0452403,-1.02031666
1237657189834096783,19.655466,17.926168,17.139887,16.762506,16.527868,6.04953496,-1.01501271
1237663716016980650,22.338223,20.43009,18.627466,17.962307,17.563528,6.05672371,0.56754402
1237663784200044662,19.542805,18.478399,18.043163,17.700806,17.558464,6.06272731,0.20407888
1237652949065138297,26.354706,20.513075,18.701212,18.100403,17.702166,6.06473835,-8.87905752
1237652946917654588,22.971237,21.021126,19.286818,18.625492,18.167757,6.07945959,-10.46151534
1237653651837550733,20.324081,18.665268,17.538071,16.97048,16.59586,6.09556955,14.92795032
1237663278467317836,20.561075,19.563047,19.027491,18.640594,18.553215,6.09755481,0.9662547
1237663278467317979,21.747204,20.771572,18.930254,18.205303,17.749008,6.1021561,0.94407436
1237653653448163613,20.24065,18.536098,17.593483,17.056301,16.66198,6.10625229,16.15125138
1237653653448163553,19.301552,18.080114,17.46513,17.041145,16.798355,6.10735996,16.14196612
1237657191444774922,22.953022,20.764545,19.008327,18.323025,17.93362,6.10778147,0.21316635
1237656495653126335,20.757315,18.46954,17.168884,16.637941,16.247814,6.12281845,15.01561825
1237652901824495939,23.274967,20.997995,19.252075,18.504341,18.067205,6.12501559,-9.12860178
1237663716017045765,22.045685,20.184759,18.514374,17.841623,17.466043,6.13321252,0.52311391
1237663783663173853,22.997559,20.31035,18.672867,18.073275,17.732126,6.13337245,-0.3134706
1237663204916855231,21.37154,20.648277,18.836845,18.039654,17.610004,6.13359077,0.66993396
1237652629101215892,18.412216,17.057234,16.417253,16.031933,15.760829,6.13370226,-10.69952166
1237678434864857184,20.495255,19.744673,19.083214,18.642729,18.514582,6.13392116,1.1463441
1237663784200110338,22.476776,19.912588,18.070803,17.421825,17.075762,6.16144596,0.03023864
1237663784200110337,25.339489,20.477795,18.578781,17.930227,17.484299,6.16263654,0.02899466
1237663278467317915,19.484291,18.262695,17.381903,16.950859,16.671015,6.18880561,0.98406289
1237663278467317960,21.287977,19.672525,18.867184,18.479046,18.240717,6.19610493,0.99032113
1237678434864857236,20.773302,18.266258,16.758898,15.60818,15.00187,6.19668085,1.21769922
1237653651837550885,22.418558,20.788454,19.000093,18.321775,17.925938,6.20197192,14.88406946
1237657191444775181,20.038574,19.308626,18.864149,18.528997,18.423052,6.20783253,0.38011839
1237652949065203999,24.482981,20.701912,18.967453,18.285509,17.837662,6.2086479,-8.92648038
1237652629101281285,22.461367,20.383141,19.448586,19.023859,18.614634,6.21198432,-10.72368179
1237652629101281284,20.672049,18.471317,17.254972,16.771027,16.417278,6.21286159,-10.72122252
1237657191444775896,23.435148,21.086639,19.284981,18.430758,17.986752,6.22885148,0.30977936
1237653652911358154,19.764174,18.637585,17.905214,17.467699,17.19487,6.22948214,15.69192956
1237663783663239269,19.905708,18.343678,17.391426,16.958731,16.611126,6.2305366,-0.29768354
1237657191444775908,21.652378,20.889997,19.094519,18.299101,17.773272,6.23069075,0.31762639
1237652628564410438,18.856613,17.736826,17.282907,16.937536,16.803297,6.24980325,-11.18254001
1237657189834227782,19.63229,18.688686,18.384136,18.172487,18.098669,6.25527927,-0.89370595
1237652946917720178,17.515013,16.210358,15.61846,15.252545,15.021463,6.25901015,-10.43846766
1237652628564410559,20.064878,18.959639,18.350645,17.992321,17.786161,6.26326562,-11.15277605
1237656496726933606,18.4389,16.703247,15.810943,15.357059,15.025517,6.26400195,15.90617069
1237652628564410510,20.530731,18.419365,17.536568,17.101974,16.836779,6.26609266,-11.14274331
1237678617420562618,19.454256,17.683504,16.80661,16.405312,16.099394,6.27171528,1.26592887
1237663783126368620,21.892982,20.72397,20.031803,19.700369,19.289024,6.27283287,-0.75949452
1237663278467383529,20.143538,19.127235,18.339716,17.929253,17.694752,6.27385654,0.95527711
1237656496190063068,25.285198,21.036251,19.091051,18.158966,17.595785,6.283526,15.47939739
1237657191444840595,22.014812,19.442108,17.855738,17.270699,16.877932,6.28653837,0.36046417
1237652948528398607,24.220367,21.119171,19.245543,18.626621,18.16287,6.30140204,-9.22461563
1237656496726933702,21.810085,20.788816,18.930536,18.283472,17.890053,6.30508904,15.85138992
1237653652911358110,21.553547,18.622663,17.098093,16.052298,15.453121,6.3061105,15.629869
1237663784200175860,22.085672,20.26063,18.40502,17.767302,17.376465,6.31140239,0.01371527
1237652947991527477,18.950464,17.023708,16.013712,15.52886,15.160503,6.32635399,-9.62633856
1237652629101281485,22.345055,20.418257,18.693218,18.067087,17.686493,6.32842932,-10.76802726
1237657190371098767,19.366564,18.31109,17.743454,17.357679,17.174267,6.32907377,-0.61323196
1237652629101281489,24.349051,20.112444,18.355104,17.709558,17.270432,6.34826479,-10.74681648
1237678434327920720,20.475134,19.515242,18.836254,18.426394,18.213957,6.34847774,0.72979666
1237657190371098782,19.620972,18.342674,17.454523,16.987131,16.68778,6.35237852,-0.54418457
1237657191444841182,22.216032,20.823179,19.034691,18.37509,17.92771,6.36110225,0.35421388
1237652630711959645,22.987915,21.34057,21.111916,22.168503,21.285509,6.36244177,-9.57146146
1237656495116386546,21.247711,19.665283,17.931606,17.286667,16.915731,6.36390837,14.62990949
1237656495653257507,21.717451,19.928909,18.257038,17.60667,17.290394,6.36937691,15.11477228
1237652629101346910,19.45915,18.92499,18.310307,18.174112,17.672686,6.38107427,-10.67284664
1237652901824626968,22.08177,21.075399,19.211681,18.486511,17.885239,6.38367514,-9.04913922
1237656494042644722,19.216713,17.861166,17.067415,16.633823,16.351715,6.38543625,13.90829788
1237657190908035223,20.8447,18.872992,17.7045,17.230942,16.897278,6.39114016,-0.12107679
1237653652374552783,22.928673,20.055004,18.279112,17.615723,17.214008,6.39373266,15.26749469
1237657190371164268,19.798389,18.802227,18.151535,17.765156,17.573372,6.3984444,-0.51218901
1237663784200175677,24.726585,22.247408,21.055216,20.228174,20.09045,6.39886341,0.08662586
1237652949065269398,21.203674,19.750679,18.042768,17.431036,17.030834,6.42981587,-8.80741355
1237663716017176874,23.027613,20.281471,18.54516,17.907967,17.473547,6.43801974,0.53897702
1237652629101347031,23.663548,20.150627,18.45336,17.806334,17.318792,6.44834328,-10.74430286
1237663716017176917,22.356106,20.478966,18.724533,18.021706,17.551014,6.45249256,0.50466175
1237657192518647970,22.790091,20.393585,18.719393,18.123362,17.819901,6.45282102,1.12495391
1237663716017176769,19.726925,18.370747,17.624699,17.226671,16.946058,6.46051619,0.4998547
1237656495653257521,26.381426,20.661947,18.867619,18.197113,17.773014,6.46668212,15.02607944
1237657189834293385,21.613033,19.013803,17.667175,16.972931,16.542009,6.46867507,-0.86570553
1237652947454722219,20.004232,18.482033,17.657673,17.232845,16.96327,6.47276179,-10.05131511
1237678434327986291,19.893694,19.031626,18.147902,17.72891,17.347561,6.47937512,0.82322317
1237656494579516074,26.247545,21.239912,19.510473,18.697437,18.251331,6.48549386,14.25351143
1237663784200241325,20.855186,19.542452,18.876038,18.428926,18.180622,6.48623535,0.07882261
1237653652911423593,18.358307,16.991966,16.368357,16.018908,15.736816,6.48650813,15.63123821
1237657190371164323,19.354523,18.419275,18.129148,17.850145,17.803761,6.49057048,-0.515673
1237663784200241329,23.004829,20.183903,18.431885,17.824923,17.540054,6.49081189,0.12619273
1237663782589628611,19.816345,18.720694,18.106989,17.728773,17.625572,6.50000686,-1.11866294
1237657190371164330,18.645414,17.957932,17.763458,17.425159,17.516922,6.50295729,-0.54044764
1237657189834293396,19.736311,18.520422,17.969643,17.62303,17.397339,6.50771027,-0.99611314
1237663783126499499,18.169102,16.970884,16.362738,16.007273,15.744005,6.50810208,-0.82814095
1237652949065335125,21.224945,19.94636,18.217642,17.590441,17.220333,6.51853299,-8.93019731
1237663783663370433,19.999222,18.66139,17.942417,17.555836,17.386581,6.52811779,-0.22231555
1237667171855237319,19.468353,18.231283,17.744514,17.43454,17.22117,6.52992751,-0.62758808
1237656496190194135,24.398909,21.030159,19.168715,18.453001,18.078415,6.53733912,15.6182484
1237653651300876710,25.090492,21.811981,19.908667,19.139587,18.800425,6.55011355,14.42093266
1237652947991593113,18.889727,17.347307,16.539223,16.139692,15.787651,6.55266269,-9.69029025
1237657190371229827,19.68115,18.627224,18.05654,17.698709,17.573454,6.55893391,-0.51862576
1237657189834358853,18.945433,17.168497,16.305681,15.862803,15.582818,6.55962321,-0.93230171
1237678434327986396,22.711702,20.725769,18.951563,18.304308,17.879356,6.56276451,0.8387165
1237678433253916862,22.749117,20.912409,19.139006,18.531727,18.055811,6.56533904,-0.19892941
1237663783126499546,19.967495,18.500553,17.754429,17.369181,17.07543,6.57750266,-0.66301202
1237678434327986433,22.117344,20.848585,19.201187,18.384699,18.020657,6.58498377,0.80741688
1237652949065400425,22.517023,20.157465,18.481148,17.869169,17.576546,6.61391937,-8.91976719
1237652630712025258,25.12887,19.505032,17.779562,17.144341,16.770473,6.61445323,-9.43389977
1237663784200306911,20.293579,19.40696,18.568333,18.074612,17.821241,6.62135905,0.08600259
1237656494042710106,23.324526,21.260788,18.99419,18.04393,17.678663,6.62246817,13.92254774
1237657192518713539,19.736015,17.889978,16.881468,16.402395,16.042187,6.62395541,1.21554861
1237663716017242712,22.684805,20.753023,19.055239,18.389633,17.981491,6.62618879,0.48935748
1237663784200306825,21.025715,19.860233,19.00486,18.547081,18.287766,6.62864241,0.04685096
1237678434328117536,21.210493,19.589029,18.012287,17.441717,17.006775,6.63214912,1.03084299
1237657191444971717,20.375082,19.538109,18.726414,18.311075,18.279297,6.63675907,0.41135546
1237663716017242258,18.312687,16.361536,15.432395,15.004185,14.657104,6.63768026,0.50390266
1237663716017242283,20.665771,18.648344,17.437422,16.936453,16.538025,6.64499403,0.54939925
1237663782589694200,22.185915,19.540077,18.031096,17.471642,17.109203,6.65499719,-1.16789062
1237653651300942227,22.54277,20.746243,18.983788,18.261955,17.732828,6.66620463,14.37022347
1237653652374618801,22.519724,21.113459,19.351208,18.586823,18.129843,6.67078768,15.31958146
1237652947454787968,22.526072,20.56275,18.810368,18.192362,17.697435,6.67342643,-10.08907595
1237653651300941978,19.738991,17.75736,16.787968,16.319208,15.914515,6.69947954,14.48303559
1237656494579646614,22.643965,19.337164,17.709808,17.081879,16.696795,6.70137456,14.19833001
1237653653448425587,18.846066,16.814207,15.833756,15.360853,14.964959,6.70181449,16.23532857
1237656494579646856,26.707146,21.77956,19.75036,18.761087,18.315645,6.7050384,14.21050134
1237663782589694221,22.203369,19.613274,18.023006,17.457281,17.166103,6.71275232,-1.21754942
1237678434328117522,19.836367,17.807777,16.83531,16.406912,16.009727,6.72124382,1.133971
1237653653448425599,19.792011,18.103273,17.185949,16.684378,16.313496,6.72762991,16.24515257
1237663783663435964,20.392462,19.313492,18.632774,18.253405,18.040527,6.72923757,-0.28775656
1237678434328117587,21.724894,19.789938,18.200842,17.602787,17.187742,6.72941766,1.1283363
1237652901824758253,22.297617,19.421377,17.605379,16.967335,16.645283,6.73146323,-9.03996981
1237657189834424526,19.577652,18.113214,17.317533,16.938349,16.683647,6.73821758,-0.95713718
1237663783126630474,20.087351,19.138887,18.512951,18.126196,17.9249,6.74810013,-0.66052091
1237656495116517562,24.066536,20.56682,18.844389,18.136475,17.771158,6.75475525,14.60441872
1237653652911554754,20.012815,18.027039,16.981525,16.476614,16.10186,6.76192165,15.77493193
1237663716017308242,23.500658,20.991613,19.238091,18.558689,18.148378,6.77435226,0.52983448
1237653652911555128,22.409466,21.000399,19.272945,18.447395,18.006079,6.78724548,15.6322855
1237663204917117072,20.390409,18.332617,17.131609,16.647142,16.278471,6.78734948,0.7397896
1237678434328117501,19.436934,18.533077,18.182783,17.905531,17.758362,6.79212961,1.03206699
1237663204917117657,22.438868,20.722433,18.969372,18.202799,17.685221,6.79412715,0.83609651
1237656495653388937,24.692135,21.345541,19.361107,18.48777,17.840902,6.7967237,15.05612827
1237652901824758443,27.132559,20.011425,18.354828,17.738884,17.346922,6.79725469,-9.0023696
1237663278467645513,19.462864,18.474848,18.042778,17.756805,17.560368,6.81238536,0.85478901
1237678433791180806,18.65481,17.679573,17.431757,17.346228,17.366358,6.81603775,0.63703934
1237678433791180883,20.061815,19.075123,18.333214,17.947878,17.743919,6.81615786,0.62987493
1237653653448425671,19.231018,17.78039,17.034605,16.585426,16.294842,6.81887495,16.21714448
1237656494042841304,19.356108,18.085714,17.425556,17.031687,16.757889,6.84605482,13.92354652
1237663784200372408,24.072636,20.626593,18.890139,18.285631,17.889288,6.84721506,0.17840411
1237653653448491227,19.387272,17.499704,16.41489,15.972345,15.656794,6.8537424,16.23243918
1237653651837878665,23.497433,20.950397,19.249399,18.494383,18.045132,6.85513007,14.84362277
1237663784200372350,18.343653,16.482906,15.597224,15.182734,14.863577,6.85548418,0.19292089
1237653651837878299,24.968477,21.061895,19.298609,18.587111,18.222633,6.86263361,14.87440053
1237663784200373111,23.330584,21.208647,19.320189,18.536579,18.093777,6.88305637,0.17219261
1237653651837878428,22.522373,20.501686,18.917484,18.315826,17.901815,6.89121867,14.91089872
1237678434328248529,20.417982,19.565268,18.527477,18.079523,17.695013,6.89167613,1.20600971
1237652949065466031,20.331236,18.335106,17.280855,16.843302,16.470482,6.89438545,-8.78267961
1237652949065466033,20.818214,18.55205,17.492788,16.996727,16.524794,6.89492953,-8.79614483
1237678617420824867,19.580767,18.88056,18.867662,18.623798,18.556265,6.89934533,1.26141303
1237653650764136605,19.48646,17.790144,16.776031,16.295721,15.963983,6.90507475,14.07795705
1237657191445102764,20.621326,19.141884,18.189718,17.681047,17.423298,6.90585803,0.39309866
1237657190908231879,22.239014,20.298803,18.653643,18.07163,17.692413,6.90815534,-0.20392986
1237663716017373277,17.61462,16.491053,16.107777,15.980698,15.973341,6.91585681,0.51605229
1237656494579712218,21.843412,20.378366,18.52202,17.785433,17.28689,6.91808528,14.2213299
1237652900751081570,20.357567,18.541832,17.706797,17.282669,16.987268,6.92054805,-9.85448578
1237663783663566971,20.682016,18.729498,17.731733,17.349005,17.029448,6.92279166,-0.4147351
1237656495653454417,23.156448,20.70645,18.943321,18.268003,17.760611,6.9251575,15.13309922
1237656495116583493,22.480364,20.823488,18.944777,18.212568,17.775694,6.92981308,14.63674978
1237652946918047983,25.852983,20.737156,18.904312,18.189201,17.834328,6.93267053,-10.5775763
1237657189834490018,19.160316,18.198086,17.833076,17.575968,17.438595,6.93286122,-1.00533062
1237652946918047851,21.135067,19.047117,17.868614,17.428209,17.092537,6.93710621,-10.4963332
1237652629101543601,25.861389,20.496843,18.810375,18.155094,17.750471,6.93752621,-10.69908255
1237663716017373308,20.091305,19.010292,18.479408,18.110342,18.012363,6.9444117,0.58620359
1237663782589825277,20.548147,19.533365,18.736269,18.32752,18.063885,6.94627981,-1.08986148
1237663783663566895,23.45429,21.240784,19.489206,18.797958,18.352978,6.948417,-0.35399534
1237657190908231856,22.670835,20.868629,19.070061,18.424046,18.052927,6.9494787,-0.0468479
1237656494579712641,23.116537,21.777676,19.689915,18.734646,18.300442,6.95232533,14.2696698
1237652947454918829,21.582752,20.231876,18.50215,17.812654,17.446306,6.96086073,-10.09013657
1237653650764136625,17.484314,16.192516,15.641987,15.324179,15.118691,6.96530373,14.0094401
1237652946918047996,24.620958,20.736208,18.741978,18.105991,17.632936,6.96587078,-10.57928692
1237653650764202106,19.951092,18.694279,17.879787,17.39736,17.068537,6.98052821,14.03048193
1237652947454918786,20.542063,18.696861,17.792215,17.373487,17.033953,6.98414323,-10.13578212
1237652949065531836,25.357126,21.206644,19.265488,18.640511,18.275429,6.98971949,-8.82725156
1237678617420890305,22.762217,20.402567,18.595566,18.020576,17.619827,6.9898775,1.24982476
1237657190908297381,17.76285,16.611238,16.06875,15.708719,15.471834,6.99391328,-0.10730138
1237652628564738354,23.09445,19.88644,18.274137,17.698412,17.324537,6.9940011,-11.09365899
1237657190908297380,19.883924,18.15724,17.368797,16.993759,16.735397,6.9958566,-0.10994688
1237663782589825223,18.988552,18.063677,17.761475,17.479933,17.426468,6.99789387,-1.0556541
1237652901824889134,23.755167,20.964527,19.265953,18.376829,17.905682,6.99996883,-9.02476401
1237656495116648644,26.073162,21.356663,19.172588,18.390764,18.050112,7.01036821,14.57592072
1237653650764202198,23.776789,20.057539,18.344959,17.652433,17.237268,7.01103542,14.01991432
1237657189834555472,19.94376,19.038845,18.635389,18.313801,18.281452,7.01524645,-1.00611131
1237663784200438044,20.029955,18.919065,18.22098,17.850912,17.697609,7.020269,0.06525034
1237663782589825244,20.332962,18.536661,17.630152,17.234856,16.930288,7.03346162,-1.08616259
1237678433791246518,21.900612,20.068851,18.243271,17.620001,17.215782,7.03412721,0.73102295
1237663784200503628,22.526115,22.811344,22.072559,20.824492,20.247904,7.03899971,0.01913346
1237663783663632629,20.33638,19.147268,18.256746,17.85911,17.545134,7.04452614,-0.24290514
1237656496727261307,20.028856,18.106907,17.086733,16.557745,16.181652,7.04512555,15.93379546
1237678433791246415,20.393627,19.316961,18.4986,18.077038,17.802069,7.04828147,0.64143684
1237663783126761559,20.535866,18.591888,17.719812,17.263067,16.894804,7.05005542,-0.65655724
1237663716017438911,21.903912,20.64613,18.774792,18.148056,17.673414,7.05191838,0.60002228
1237657192520024240,25.574354,20.489038,18.770561,18.120481,17.781734,9.59312581,1.09934254
1237652628565852230,19.504566,18.764864,18.495338,18.086094,18.0455,9.60247987,-11.12332963
1237656971300569259,19.412668,17.505033,16.523832,16.067585,15.664172,9.60283225,-0.61465667
1237652946919161959,26.628019,20.901382,19.071419,18.463905,17.931271,9.60622311,-10.53551069
1237652630713335965,23.350763,20.561327,18.84675,18.156622,17.706644,9.60771116,-9.49147483
1237657190909411438,18.630478,17.326931,16.772207,16.422852,16.217924,9.60921776,-0.01685415
1237657190909411436,16.912474,15.515388,14.884409,14.450604,14.161656,9.61114528,-0.0118634
1237663782591004843,20.551252,19.711548,18.735823,18.321125,17.940748,9.61760621,-1.1953396
1237649919500288201,20.313721,18.399891,17.256714,16.667313,16.173748,9.62179741,14.54569823
1237652947456033386,21.36154,20.176619,18.472456,17.863085,17.361393,9.63078285,-10.00206778
1237663782591004848,22.196491,20.01615,18.484814,17.914877,17.442554,9.63521802,-1.05452754
1237652630713335876,26.074553,20.591494,18.80233,18.045687,17.578529,9.63936059,-9.47750918
1237652630713335875,18.174049,16.266615,15.432102,15.011336,14.70405,9.64526368,-9.47457567
1237652946382291450,24.311689,21.578651,19.485575,18.628946,18.149464,9.64886734,-10.92249462
1237652900752261258,19.405762,18.592543,18.374653,17.971704,17.982698,9.65676638,-9.87166015
1237663204918362273,18.872566,17.905458,17.593269,17.375183,17.224552,9.65711227,0.76581273
1237652947456098582,23.59568,20.820633,19.043261,18.410389,18.030518,9.66815152,-9.9678654
1237678617422070040,23.158022,23.066746,20.79468,20.076754,20.048243,9.6683934,1.25752322
1237657192520024217,19.520721,18.304577,17.856564,17.64839,17.58326,9.66842739,1.1407032
1237657192520089661,20.750933,18.776697,17.770329,17.339365,16.977598,9.69012119,1.11812524
1237652900752261273,18.748524,17.598955,17.076674,16.713888,16.497797,9.69236732,-9.79504946
1237652947456098650,23.376677,20.583019,18.75956,18.151299,17.823368,9.69436547,-9.97628185
1237663716018553269,22.935596,21.915945,20.37401,19.627684,19.182692,9.69688777,0.57213939
1237663782591004812,20.806606,18.667473,17.363039,16.881042,16.522888,9.69744924,-1.19164839
1237653651302187160,18.398489,16.437304,15.476777,15.01333,14.618237,9.70350537,14.4923332
1237663784201617722,19.446287,18.448215,18.088615,17.832809,17.687683,9.70570781,0.11067108
1237667172393484500,21.630548,19.436985,17.970179,17.399435,17.017271,9.70792505,-0.20934713
1237657190909476949,19.57799,18.578245,18.309357,18.123549,17.95237,9.71029458,-0.09432586
1237657190909477109,19.19734,18.136202,17.654387,17.382708,17.21837,9.71457548,-0.16545958
1237663784201617740,19.561518,18.462711,17.969217,17.630049,17.444302,9.72517575,0.16045493
1237678617422070000,19.342794,17.504335,16.520918,16.104656,15.773914,9.72686468,1.23456362
1237653652912799944,18.631222,16.609198,15.657005,15.201377,14.851117,9.72737811,15.68562765
1237653653449670845,20.307205,19.619467,19.026304,18.643305,18.406223,9.72983429,16.17572867
1237663784201683306,22.109232,20.548523,19.492207,18.975115,18.653074,9.73642442,0.12954504
1237657189835735122,19.904184,18.983591,18.464703,18.131813,18.060682,9.74169079,-1.01568881
1237652901826068500,18.004166,16.026941,15.838614,16.238005,18.35269,9.74450932,-9.0002637
1237656971300635069,26.722351,21.004076,19.212332,18.394316,17.834044,9.74530981,-0.53327478
1237652901826068499,15.659637,13.675481,12.800852,12.356217,12.039496,9.7476579,-9.00261611
1237657191446347871,19.739218,18.773727,18.223349,17.822559,17.645016,9.74929445,0.36761924
1237649919500353735,19.791592,18.205935,17.239449,16.770596,16.376104,9.75158554,14.6760024
1237652947992969711,25.294552,20.494341,18.760113,18.076462,17.764488,9.75294648,-9.61753823
1237653650765381780,19.356094,17.192636,16.198843,15.742051,15.361992,9.75301389,14.07971595
1237663783664812217,22.749819,19.742813,18.165783,17.575493,17.193485,9.75419406,-0.34106067
1237652948529840760,22.353758,20.775463,19.04785,18.408777,18.049425,9.76117957,-9.14073858
1237663783127941224,19.748808,18.928497,18.682127,18.476412,18.355141,9.76294686,-0.81977074
1237649921110966482,20.699903,19.722572,18.947977,18.509495,18.251451,9.76850527,15.95626947
1237652947992969327,18.642063,16.746798,15.854807,15.484273,15.173196,9.76951967,-9.67294127
1237663783127941244,17.504169,15.882086,15.161389,14.79583,14.513844,9.78774713,-0.69736231
1237663783127941266,20.521301,18.768782,17.966248,17.519182,17.193563,9.79136756,-0.7984109
1237657190909476987,19.897556,18.772255,17.812353,17.395159,17.069618,9.79620892,-0.20590721
1237652947456163927,19.442327,17.558695,16.617323,16.191954,15.87383,9.80084074,-10.1692716
1237663783664812146,20.13299,18.45479,17.231899,16.706566,16.336748,9.80180763,-0.32814328
1237653650765381842,20.863058,18.706347,17.560202,17.090431,16.73526,9.82206049,14.0293465
1237652629639660004,23.846592,21.104811,19.40122,18.619278,18.160669,9.82673068,-10.26489163
1237652629102789148,22.170536,21.304041,19.314245,18.376442,17.922003,9.82922109,-10.76781922
1237653652912865366,22.166311,20.404469,18.690825,18.111429,17.696138,9.82957281,15.75628451
1237663782591070377,19.224474,18.396902,18.222227,17.989861,17.943876,9.83106518,-1.14853144
1237657192520155362,18.877234,17.618471,17.066065,16.751858,16.556551,9.83132312,1.18045468
1237652949066776633,17.352667,16.379866,15.950082,15.806757,16.207796,9.84534467,-8.82346607
1237663784201683191,21.831743,19.649998,18.927731,18.483292,18.161243,9.85652963,4.79181326E-3
1237663784201683138,19.429565,17.95171,17.072258,16.62488,16.331198,9.85686911,0.16489212
1237652629639725119,19.386786,17.090668,15.941276,15.444582,15.083806,9.86087476,-10.29219271
1237649918963548406,19.890244,19.011375,18.701548,18.364941,18.351992,9.86377269,14.14120177
1237653652375994560,22.358202,19.630173,18.218328,17.628336,17.201548,9.87118365,15.26435683
1237663784201683149,18.621634,16.699633,15.740783,15.28083,14.929937,9.87649325,0.16992936
1237653652375994568,18.55262,17.353178,16.739109,16.294176,16.002375,9.87679099,15.22424437
1237652949066776700,24.328812,20.131481,18.478872,17.873472,17.58259,9.88587929,-8.81278817
1237652630713467199,25.146137,21.198196,19.662617,18.94982,18.689949,9.88936791,-9.37419771
1237663782591135895,19.662134,18.247656,17.472992,17.051891,16.759504,9.89160301,-1.21958607
1237652948529905837,19.551596,17.585552,16.914885,16.471939,16.186563,9.89471711,-9.23643902
1237652948529906279,23.377625,20.693064,18.918741,18.235575,17.787458,9.90279589,-9.17025274
1237649920037290166,21.618145,20.169962,18.570074,17.877747,17.382124,9.91959398,15.03586198
1237657190909542690,22.166967,20.26107,18.460802,17.791197,17.373384,9.92019258,-0.0905594
1237663204918493223,24.512075,20.950077,18.911482,18.167721,17.737755,9.9272978,0.76162659
1237663783128006760,20.628841,19.677397,18.956545,18.57431,18.458412,9.93344466,-0.63073986
1237653652912865434,22.649004,20.502792,18.793415,18.09873,17.71299,9.93900865,15.75194254
1237652949066842252,19.596094,17.407108,16.466368,16.026552,15.654294,9.93945922,-8.85167334
1237652900752392418,19.538918,18.310532,17.786123,17.397518,17.127897,9.9483251,-9.80304074
1237653652912930960,19.226772,17.211803,16.222105,15.756369,15.411004,9.94951355,15.75160364
1237663783664877776,20.002733,18.729712,17.754761,17.296711,16.989012,9.95050035,-0.28278751
1237652948529971347,19.197451,17.368654,16.563295,16.166672,15.882015,9.9544725,-9.24805961
1237649920037355758,23.875462,20.213753,18.549728,17.889133,17.452066,9.96448953,15.00891594
1237653652912930979,19.22543,17.50193,16.537222,16.034622,15.680678,9.96535332,15.76322252
1237663784201748613,20.689428,18.756126,17.876511,17.44034,17.124947,9.97348271,0.08189376
1237657189835800808,19.12958,17.317739,16.354893,15.920675,15.597766,9.97615491,-0.90122177
1237652629102854630,26.814047,20.764172,19.22337,18.588037,18.150496,9.9819584,-10.62669182
1237663716555555122,19.762169,18.857811,18.435169,18.094025,18.047602,9.98755874,0.98487208
1237653653449801961,21.812567,20.143726,18.475182,17.866253,17.504408,9.98993988,16.009695
1237652947993100359,22.989485,20.157227,18.515821,17.938757,17.610277,9.99102999,-9.66832596
1237652946919358555,21.923393,19.157839,17.705812,16.351038,15.570967,9.99172453,-10.5543761
1237663783128006800,19.750439,17.675566,16.655001,16.242258,15.889462,10.0026262,-0.83505219
1237663783128006901,20.34552,19.019075,18.170559,17.509214,17.009472,10.00520997,-0.79280107
1237649918963613973,25.542263,19.904417,18.159063,17.524399,17.100849,10.03483426,14.21220568
1237649920037355775,22.297752,20.142717,18.51273,17.858173,17.396069,10.03522508,14.97191425
1237663784201814122,18.292648,16.850594,16.212515,15.844809,15.693981,10.03533067,0.16976882
1237663716555620618,20.327225,18.821726,18.044992,17.623741,17.471722,10.04163274,1.0060836
1237652949066842300,20.288721,18.356358,17.255142,16.811819,16.454884,10.04778591,-8.81650312
1237663716555620500,20.31064,19.322847,18.866884,18.556324,18.408112,10.04822843,0.91653633
1237652948529971440,20.769794,19.4221,18.75889,18.322592,18.192066,10.04933713,-9.12750046
1237663784201814157,20.081617,18.931374,18.132513,17.770802,17.600075,10.05669196,0.17834342
1237663784201814165,18.654392,17.278526,16.632708,16.257637,16.040821,10.06524388,0.06400866
1237663716018749572,19.979437,19.019573,18.533575,18.202024,18.134445,10.06541392,0.54290734
1237652946382487644,19.868204,17.651115,16.602964,16.139782,15.81501,10.06860208,-10.95982724
1237663204918559332,21.961044,20.193457,18.472115,17.810732,17.485098,10.07177316,0.75570304
1237666340796760255,19.805567,19.07243,18.963177,18.632614,18.713579,10.07922904,1.05410665
1237663716018749589,19.756447,17.770123,16.80183,16.3627,16.04114,10.08317725,0.54878737
1237652946919359061,21.733271,20.760773,19.04685,18.295954,17.853731,10.09211824,-10.57384756
1237663716018749599,19.927715,19.256124,18.444077,18.077724,17.706923,10.09223736,0.53836938
1237663783664943345,20.128716,18.654381,17.738596,17.269739,16.942856,10.09606047,-0.34836835
1237663716555620561,19.95236,18.678864,18.02564,17.632616,17.383371,10.09764074,0.85645012
1237649919500550327,21.936537,19.991657,18.248041,17.633032,17.194418,10.10119547,14.73129725
1237663784201814225,20.522387,19.42827,18.734808,18.262039,18.099445,10.10996292,0.0545059
1237652900752457844,19.832973,17.796448,16.738607,16.227585,15.8094,10.11800137,-9.89799672
1237652630713532987,25.800648,20.974222,19.123955,18.345177,17.893026,10.12313755,-9.50700956
1237652948530036907,18.905981,17.233231,16.41115,15.997105,15.644732,10.13189441,-9.2222183
1237663783664943219,21.809952,18.757315,17.293102,16.761446,16.421991,10.13808558,-0.23288208
1237652946919424104,19.79813,19.011141,18.909885,18.652143,18.558382,10.14277885,-10.47637068
1237663783664943446,22.320278,20.258753,18.60252,17.98259,17.611458,10.16773188,-0.36781892
1237663716018815105,20.669735,19.589193,18.689484,18.234182,17.960312,10.16949947,0.47655607
1237649920574292096,20.444681,18.632425,17.617702,17.216057,16.934845,10.17448666,15.39354226
1237663783665008977,22.466242,21.06938,19.287161,18.396475,17.939671,10.17938811,-0.22720228
1237663782591266936,19.937971,19.071716,18.72748,18.433542,18.257656,10.1858404,-1.0850043
1237653653449867450,20.842611,19.044071,17.750156,17.237381,16.831903,10.18786404,16.05198239
1237653651839254765,23.576128,20.61709,18.804541,18.085903,17.670063,10.18971741,14.85112912
1237653653449867373,20.627974,18.720921,17.698133,17.271938,16.870705,10.18999264,16.0697798
1237653653449867382,20.941242,18.754654,17.41465,16.890551,16.513952,10.19584662,16.03744185
1237657191446544529,19.98815,19.15943,18.662119,18.314169,18.1961,10.2010965,0.28169107
1237663204918624925,22.490414,21.078915,19.319668,18.527424,17.942741,10.20137138,0.64526449
1237663784201879699,19.739616,18.836666,18.275261,17.935169,17.679428,10.20895704,0.13991915
1237663783128137863,24.173033,19.753235,18.058075,17.424232,16.93697,10.21437657,-0.74880709
